E9PXI8;	10090	ENSMUSP00000126673;
F7CFT8;	10090	ENSMUSP00000122046;
D3Z1Z1;	10090	ENSMUSP00000119552;
F8WH96;	10090	ENSMUSP00000019925;
Q8VGT3;	10090;	ENSMUSP00000074971;ENSMUSP00000112462;ENSMUSP00000116228;
Q7TQT9;	10090;	ENSMUSP00000132776;ENSMUSP00000135446;ENSMUSP00000146107;
D3Z316;	10090	ENSMUSP00000119053;
A0A0U1RQ23;	10090	ENSMUSP00000146214;
F6U238;	10090	ENSMUSP00000124083;
D3Z3M3;	10090	ENSMUSP00000094553;
A0A0B4J1G0;	10090	ENSMUSP00000077873;
Q99J77;	10090	ENSMUSP00000030018;
Q7TRX7;	10090;	ENSMUSP00000113364;ENSMUSP00000115639;ENSMUSP00000149734;
F8WIK0;	10090	ENSMUSP00000034233;
Q7TQZ9;	10090;	ENSMUSP00000097376;ENSMUSP00000107174;ENSMUSP00000150537;ENSMUSP00000150344;
Q99L20;	10090	ENSMUSP00000001715;
D3Z763;	10090	ENSMUSP00000110281;
F6VRI6;	10090	ENSMUSP00000118535;
E0CYY1;	10090	ENSMUSP00000123794;
Q7TQU7;	10090;	ENSMUSP00000093127;ENSMUSP00000145032;ENSMUSP00000145185;ENSMUSP00000150167;
A3KPP7;	10090	ENSMUSP00000097459;ENSMUSP00000100847;
F7BWP1;	10090	ENSMUSP00000125474;
G3UYQ4;	10090	ENSMUSP00000134177;
F6ZE01;	10090	ENSMUSP00000131901;
E9PYI1;	10090	ENSMUSP00000073930;ENSMUSP00000118823;ENSMUSP00000118387;ENSMUSP00000137438;
A2A9D4;	10090	ENSMUSP00000006556;
A0A0B4J1G0;	10090	ENSMUSP00000077873;
D3YWR0;	10090	ENSMUSP00000112489;
G3UYC8;	10090	ENSMUSP00000134033;
Q8VEY6;	10090;	ENSMUSP00000092425;ENSMUSP00000100652;ENSMUSP00000101968;
A2A520;	10090	ENSMUSP00000120542;
D3YWX8;	10090	ENSMUSP00000071252;
G5E8G2;	10090	ENSMUSP00000073107;
Q9D2Z1;	10090	ENSMUSP00000092344;
Q3UCH9;	10090;	ENSMUSP00000009340;
Q3UCH9;	10090;	ENSMUSP00000106845;
D3YXB7;	10090	ENSMUSP00000115039;
F7AC58;	10090	ENSMUSP00000114584;
E9Q0N2;	10090	ENSMUSP00000042396;ENSMUSP00000125833;ENSMUSP00000145543;
A0A140T8V9;	10090	ENSMUSP00000139343;
E9Q8X3;	10090	ENSMUSP00000072207;ENSMUSP00000146070;ENSMUSP00000145832;ENSMUSP00000148885;ENSMUSP00000150599;ENSMUSP00000150634;ENSMUSP00000150116;ENSMUSP00000150594;ENSMUSP00000149373;
Q6PD28;	10090;	ENSMUSP00000025695;ENSMUSP00000144268;
D3Z1V9;	10090	ENSMUSP00000096486;
Q7TN99;	10090;	ENSMUSP00000120416;ENSMUSP00000122442;ENSMUSP00000151042;ENSMUSP00000150033;
Q7TRF8;	10090	ENSMUSP00000054790;ENSMUSP00000150218;
Q7TS43;	10090;	ENSMUSP00000075611;ENSMUSP00000146393;
F6SFF5;	10090	ENSMUSP00000124695;
Q5SYN9;	10090;	ENSMUSP00000090560;ENSMUSP00000090563;ENSMUSP00000099546;ENSMUSP00000104012;ENSMUSP00000104013;ENSMUSP00000119574;ENSMUSP00000119839;ENSMUSP00000131771;
E9Q8D0;	10090;	ENSMUSP00000116865;
E9Q9U0;	10090	ENSMUSP00000075822;ENSMUSP00000102427;
B1AVD1;	10090	ENSMUSP00000076951;
Q05A45;	10090	ENSMUSP00000087282;ENSMUSP00000145828;
Q6PD28;	10090;	ENSMUSP00000025695;ENSMUSP00000144268;
R4GML7;	10090	ENSMUSP00000118935;
Q8BML2;	10090;	ENSMUSP00000110749;ENSMUSP00000113626;
S4R2R5;	10090	ENSMUSP00000138753;
S4R2F3;	10090	ENSMUSP00000138620;
E9QMU3;	10090	ENSMUSP00000020173;
A2ALD2;	10090	ENSMUSP00000097501;ENSMUSP00000097503;ENSMUSP00000149868;
A2ATM2;	10090	ENSMUSP00000121666;
Q9DBN1;	10090	ENSMUSP00000030011;ENSMUSP00000103411;ENSMUSP00000103412;
A3KGY3;	10090	ENSMUSP00000120074;ENSMUSP00000141134;ENSMUSP00000151104;ENSMUSP00000150030;
A2RSZ3;	10090	ENSMUSP00000145655;
A2AVT0;	10090	ENSMUSP00000097427;ENSMUSP00000148857;
B1AVD1;	10090	ENSMUSP00000076951;
Q5SYN9;	10090;	ENSMUSP00000090560;ENSMUSP00000090563;ENSMUSP00000099546;ENSMUSP00000104012;ENSMUSP00000104013;ENSMUSP00000119574;ENSMUSP00000119839;ENSMUSP00000131771;
Q9DBN1;	10090	ENSMUSP00000030011;ENSMUSP00000103411;ENSMUSP00000103412;
E9QAT7;	10090	ENSMUSP00000052798;ENSMUSP00000145946;
Q62293;	10090;	ENSMUSP00000045025;ENSMUSP00000069914;
Q7TQT9;	10090;	ENSMUSP00000132776;ENSMUSP00000135446;ENSMUSP00000146107;
E9QKE8;	10090	ENSMUSP00000080602;ENSMUSP00000145583;ENSMUSP00000150952;ENSMUSP00000149404;ENSMUSP00000149279;
Q9EPG2;	10090	ENSMUSP00000055724;ENSMUSP00000146570;ENSMUSP00000149016;
B1AVD1;	10090	ENSMUSP00000076951;
G5E8G2;	10090	ENSMUSP00000073107;
F7C854;	10090	ENSMUSP00000073260;ENSMUSP00000146152;
E9Q0N2;	10090	ENSMUSP00000042396;ENSMUSP00000125833;ENSMUSP00000145543;
E9QN99;	10090	ENSMUSP00000038755;ENSMUSP00000140279;ENSMUSP00000149694;ENSMUSP00000150885;
Z4YJE4;	10090	ENSMUSP00000020732;
J7NUP1;	10090	ENSMUSP00000094870;
A0A0B4J1G0;	10090	ENSMUSP00000077873;
Q8VGA0;	10090;	ENSMUSP00000055721;ENSMUSP00000103294;ENSMUSP00000149339;
F6W7C7;	10090	ENSMUSP00000120313;
K7N684;	10090	ENSMUSP00000092426;ENSMUSP00000101967;
Q5SYN9;	10090;	ENSMUSP00000090560;ENSMUSP00000090563;ENSMUSP00000099546;ENSMUSP00000104012;ENSMUSP00000104013;ENSMUSP00000119574;ENSMUSP00000119839;ENSMUSP00000131771;
Q7TQV2;	10090	ENSMUSP00000046590;ENSMUSP00000147141;
Q9DBN1;	10090	ENSMUSP00000030011;ENSMUSP00000103411;ENSMUSP00000103412;
P83741;	10090	ENSMUSP00000063001;ENSMUSP00000086017;ENSMUSP00000086019;ENSMUSP00000136777;ENSMUSP00000145304;
P15975;	10090;	ENSMUSP00000087857;ENSMUSP00000142600;
A8VU90;	10090	ENSMUSP00000113162;ENSMUSP00000112797;
P0DM40;	10090;	ENSMUSP00000142130;
A8VU90;	10090	ENSMUSP00000113162;ENSMUSP00000112797;
Q3T9E4;	10090;	ENSMUSP00000045025;ENSMUSP00000069914;
B1AVD1;	10090	ENSMUSP00000076951;
B1AVD1;	10090	ENSMUSP00000076951;
Q62293;	10090;	ENSMUSP00000045025;ENSMUSP00000069914;
Q8BML2;	10090;	ENSMUSP00000110749;ENSMUSP00000113626;
E9Q9U0;	10090	ENSMUSP00000075822;ENSMUSP00000102427;
Q7TRX1;	10090;	ENSMUSP00000077966;ENSMUSP00000145822;ENSMUSP00000150560;
Q7TS40;	10090;	ENSMUSP00000065535;ENSMUSP00000146813;
Q6ZWQ7;	10090	ENSMUSP00000136527;
A8VU90;	10090	ENSMUSP00000113162;ENSMUSP00000112797;
A0A140LIN9;	10090	ENSMUSP00000146895;
Q7TQR7;	10090;	ENSMUSP00000056003;ENSMUSP00000146333;
P70365;	10090;	ENSMUSP00000082971;
Q8R2G4;	10090;	ENSMUSP00000108706;ENSMUSP00000112648;
Q6ZQA0;	10090;	ENSMUSP00000121373;
Q62082;	10090;	ENSMUSP00000142495;ENSMUSP00000143165;
Q99MD9;	10090;	ENSMUSP00000079946;
Q80YT7;	10090;	ENSMUSP00000040905;
Q9DBR7;	10090;	ENSMUSP00000069257;
Q9EQH7;	10090;	ENSMUSP00000118796;
P70257;	10090;	ENSMUSP00000076005;ENSMUSP00000096669;
Q02780;	10090;	ENSMUSP00000074899;ENSMUSP00000130032;
Q8CHT1;	10090;	ENSMUSP00000027477;
P19426;	10090;	ENSMUSP00000094956;ENSMUSP00000131195;ENSMUSP00000134272;
Q6VSG4;	10090;	ENSMUSP00000015866;ENSMUSP00000083524;ENSMUSP00000104080;ENSMUSP00000122007;ENSMUSP00000118638;
Q9WUX5;	10090;	ENSMUSP00000005751;
O54972;	10090;	ENSMUSP00000006525;
Q9CWP6;	10090;	ENSMUSP00000107866;ENSMUSP00000107867;
Q80XL7;	10090;	ENSMUSP00000072808;
Q9JLC3;	10090;	ENSMUSP00000099300;ENSMUSP00000110917;
Q8CIZ9;	10090;	ENSMUSP00000033610;ENSMUSP00000108900;
Q5DU56;	10090;	ENSMUSP00000137325;
O88998;	10090;	ENSMUSP00000099943;
Q14AW5;	10090;	ENSMUSP00000144498;
Q9QZT4;	10090;	ENSMUSP00000030526;
Q91ZD1;	10090;	ENSMUSP00000022952;
Q60716;	10090;	ENSMUSP00000091749;ENSMUSP00000133275;
Q9JJP2;	10090;	ENSMUSP00000095368;ENSMUSP00000101268;ENSMUSP00000114418;
Q6P2L6;	10090;	ENSMUSP00000147840;ENSMUSP00000115470;ENSMUSP00000123028;ENSMUSP00000117596;
Q99NH2;	10090;	ENSMUSP00000104383;ENSMUSP00000125612;
P11352;	10090;	ENSMUSP00000081010;
Q60760;	10090;	ENSMUSP00000091011;ENSMUSP00000105281;
Q5SNZ0;	10090;	ENSMUSP00000048978;
Q8VHN7;	10090;	ENSMUSP00000121899;
Q80TI0;	10090;	ENSMUSP00000048126;ENSMUSP00000112417;ENSMUSP00000112564;ENSMUSP00000130050;
Q9JI62;	10090;	ENSMUSP00000060442;ENSMUSP00000107843;ENSMUSP00000107845;ENSMUSP00000107847;ENSMUSP00000107852;ENSMUSP00000107854;ENSMUSP00000135378;
O70325;	10090;	ENSMUSP00000101011;
P46412;	10090;	ENSMUSP00000081011;
O70293;	10090;	ENSMUSP00000001115;
Q3UHH8;	10090;	ENSMUSP00000047281;
Q8BGR8;	10090;	ENSMUSP00000057939;
Q8R1W2;	10090;	ENSMUSP00000085022;ENSMUSP00000107541;ENSMUSP00000107542;
Q8CAS9;	10090;	ENSMUSP00000110527;ENSMUSP00000110528;
O88622;	10090;	ENSMUSP00000131566;
Q3UK78;	10090;	ENSMUSP00000058730;ENSMUSP00000071245;
Q8VI36;	10090;	ENSMUSP00000069624;
Q9D4H9;	10090;	ENSMUSP00000088126;ENSMUSP00000111173;
Q7TN75;	10090;	ENSMUSP00000134963;
Q8C437;	10090;	ENSMUSP00000103856;
Q99K01;	10090;	ENSMUSP00000111468;ENSMUSP00000111471;
Q8K4R4;	10090;	ENSMUSP00000099353;
Q8CD54;	10090;	ENSMUSP00000036099;
Q3TBD2;	10090;	ENSMUSP00000041019;
Q6PAV2;	10090;	ENSMUSP00000020258;
P38533;	10090;	ENSMUSP00000078761;
Q9CPX5;	10090;	ENSMUSP00000025929;
Q8BQY8;	10090;	ENSMUSP00000020683;ENSMUSP00000114339;
Q8K4C2;	10090;	ENSMUSP00000055343;
Q3UCH9;	10090;	ENSMUSP00000009340;
P20067;	10090;	ENSMUSP00000092019;
Q3UCH9;	10090;	ENSMUSP00000106845;
Q9DA69;	10090;	ENSMUSP00000061891;
P17710;	10090;	ENSMUSP00000072195;ENSMUSP00000097282;ENSMUSP00000111946;
Q3TRM4;	10090;	ENSMUSP00000004681;ENSMUSP00000106699;
Q8BW41;	10090;	ENSMUSP00000095868;ENSMUSP00000149077;ENSMUSP00000149753;
Q9WTZ4;	10090;	ENSMUSP00000064000;ENSMUSP00000107057;ENSMUSP00000138962;
Q3UTQ7;	10090;	ENSMUSP00000112588;
O55103;	10090;	ENSMUSP00000103992;
P50405;	10090;	ENSMUSP00000141551;
Q96EQ9;	10090;	ENSMUSP00000118454;
Q00175;	10090;	ENSMUSP00000063562;ENSMUSP00000096584;ENSMUSP00000140124;
Q99M80;	10090;	ENSMUSP00000105067;ENSMUSP00000105069;ENSMUSP00000105071;
Q2PFD7;	10090;	ENSMUSP00000091178;ENSMUSP00000091179;ENSMUSP00000096293;
Q8BSI6;	10090;	ENSMUSP00000150058;
O35719;	10090;	ENSMUSP00000078490;
Q3TMX7;	10090;	ENSMUSP00000037128;ENSMUSP00000088807;
P22605;	10090;	ENSMUSP00000067694;
Q9JHG6;	10090;	ENSMUSP00000023672;
Q99MI1;	10090;	ENSMUSP00000078534;ENSMUSP00000139030;
Q9CWZ3;	10090;	ENSMUSP00000044548;ENSMUSP00000143190;
Q6NZN0;	10090;	ENSMUSP00000022715;
Q5SFM8;	10090;	ENSMUSP00000041688;ENSMUSP00000089540;
Q91V81;	10090;	ENSMUSP00000040005;
Q69ZJ7;	10090;	ENSMUSP00000124788;
Q32KG4;	10090;	ENSMUSP00000128287;
Q6PDH4;	10090;	ENSMUSP00000130916;ENSMUSP00000150768;
Q3U827;	10090;	ENSMUSP00000064624;
Q8BI21;	10090;	ENSMUSP00000095702;
P97760;	10090;	ENSMUSP00000105147;
Q9D9R0;	10090;	ENSMUSP00000058251;
P51450;	10090;	ENSMUSP00000143610;
A2ALS5;	10090;	ENSMUSP00000042473;ENSMUSP00000095448;
Q3UHJ8;	10090;	ENSMUSP00000043974;ENSMUSP00000116850;ENSMUSP00000114259;ENSMUSP00000123198;ENSMUSP00000136732;
Q3UH06;	10090;	ENSMUSP00000049265;ENSMUSP00000105866;ENSMUSP00000105867;ENSMUSP00000115599;ENSMUSP00000121211;
Q99PL1;	10090;	ENSMUSP00000040560;
Q08775;	10090;	ENSMUSP00000109201;ENSMUSP00000124918;ENSMUSP00000123743;
Q80U40;	10090;	ENSMUSP00000143276;
Q69ZH9;	10090;	ENSMUSP00000091472;
Q8C4V1;	10090;	ENSMUSP00000073028;ENSMUSP00000108473;ENSMUSP00000108474;ENSMUSP00000108475;
Q6PR54;	10090;	ENSMUSP00000064155;ENSMUSP00000108313;
P28704;	10090;	ENSMUSP00000112311;
P28571;	10090;	ENSMUSP00000030269;ENSMUSP00000066102;
Q62255;	10090;	ENSMUSP00000056967;
Q9D9X8;	10090;	ENSMUSP00000099511;ENSMUSP00000099512;
Q8C4H2;	10090;	ENSMUSP00000129054;
Q91ZI8;	10090;	ENSMUSP00000133920;
Q9DBZ1;	10090;	ENSMUSP00000020150;
Q9Z1Y9;	10090;	ENSMUSP00000081013;
Q80U59;	10090;	ENSMUSP00000144240;
Q9DA16;	10090;	ENSMUSP00000082543;
Q3MI48;	10090;	ENSMUSP00000020435;
Q9WU62;	10090;	ENSMUSP00000025562;
Q8CJC2;	10090;	ENSMUSP00000042271;ENSMUSP00000075115;
A2AFS3;	10090;	ENSMUSP00000040128;
Q5DTI6;	10090;	ENSMUSP00000063843;
Q8BR86;	10090;	ENSMUSP00000110801;ENSMUSP00000140219;
Q6Y4S4;	10090;	ENSMUSP00000007433;ENSMUSP00000136746;ENSMUSP00000142234;ENSMUSP00000141501;ENSMUSP00000142264;
Q8BI17;	10090;	ENSMUSP00000053690;ENSMUSP00000113298;
Q8K136;	10090;	ENSMUSP00000133769;
Q80Z38;	10090;	ENSMUSP00000101520;ENSMUSP00000146440;
P63300;	10090;	ENSMUSP00000038943;
Q9Z1S5;	10090;	ENSMUSP00000023095;ENSMUSP00000112124;
O88834;	10090;	ENSMUSP00000047656;
Q64213;	10090;	ENSMUSP00000121309;ENSMUSP00000144378;
Q8BPQ7;	10090;	ENSMUSP00000084106;
Q6QIY3;	10090;	ENSMUSP00000148987;
Q8VHC3;	10090;	ENSMUSP00000092041;
D3Z2R5;	10090;	ENSMUSP00000060026;
Q3UQA7;	10090;	ENSMUSP00000099706;ENSMUSP00000099707;ENSMUSP00000112635;
Q9JLJ1;	10090;	ENSMUSP00000107887;
Q9DBC0;	10090;	ENSMUSP00000081020;
P70274;	10090;	ENSMUSP00000081004;ENSMUSP00000124305;
Q9BCZ4;	10090;	ENSMUSP00000099301;
P62342;	10090;	ENSMUSP00000103557;
Q69ZS8;	10090;	ENSMUSP00000038835;
Q9JJ68;	10090;	ENSMUSP00000084215;
Q60654;	10090;	ENSMUSP00000037917;ENSMUSP00000085326;
Q9Z2Q2;	10090;	ENSMUSP00000102159;
E0CZ16;	10090;	ENSMUSP00000089173;
O08677;	10090;	ENSMUSP00000040485;
Q8BLK9;	10090;	ENSMUSP00000125010;
Q8R104;	10090;	ENSMUSP00000026559;ENSMUSP00000101663;
Q8CG46;	10090;	ENSMUSP00000084837;
P35710;	10090;	ENSMUSP00000107377;
Q8BP86;	10090;	ENSMUSP00000041767;
Q91WJ7;	10090;	ENSMUSP00000132975;ENSMUSP00000127598;
Q8BL97;	10090;	ENSMUSP00000070983;
O89090;	10090;	ENSMUSP00000130747;
Q6P4P1;	10090;	ENSMUSP00000105591;
Q8C9J3;	10090;	ENSMUSP00000035762;ENSMUSP00000124723;
Q62407;	10090;	ENSMUSP00000109220;
Q3UTJ2;	10090;	ENSMUSP00000118160;ENSMUSP00000117544;ENSMUSP00000118353;
P97364;	10090;	ENSMUSP00000081009;
Q3U1C6;	10090;	ENSMUSP00000082773;
P10637;	10090;	ENSMUSP00000097919;ENSMUSP00000102605;
Q6Y685;	10090;	ENSMUSP00000081560;
Q69ZR9;	10090;	ENSMUSP00000022450;
Q8K2D7;	10090;	ENSMUSP00000046137;ENSMUSP00000036379;ENSMUSP00000114036;
P62500;	10090;	ENSMUSP00000022587;
Q8BQQ7;	10090;	ENSMUSP00000112772;
Q9CWU0;	10090;	ENSMUSP00000032701;
Q6ZWR6;	10090;	ENSMUSP00000039440;ENSMUSP00000093587;
Q9JJG0;	10090;	ENSMUSP00000146848;
Q64092;	10090;	ENSMUSP00000099219;ENSMUSP00000111341;ENSMUSP00000111342;ENSMUSP00000111343;ENSMUSP00000134125;
Q00417;	10090;	ENSMUSP00000084055;ENSMUSP00000104699;
Q3TPR7;	10090;	ENSMUSP00000034030;
Q9Z0V4;	10090;	ENSMUSP00000107273;
Q3UHK6;	10090;	ENSMUSP00000102780;ENSMUSP00000102783;ENSMUSP00000102784;
Q921Z5;	10090;	ENSMUSP00000136030;
Q8CCM6;	10090;	ENSMUSP00000025547;
Q8C341;	10090;	ENSMUSP00000044815;
Q7TN83;	10090;	ENSMUSP00000106081;
Q62440;	10090;	ENSMUSP00000102960;
Q7TN60;	10090;	ENSMUSP00000099314;
Q8BM14;	10090;	ENSMUSP00000053913;
O35711;	10090;	ENSMUSP00000095738;
O08573;	10090;	ENSMUSP00000103903;
Q45KJ6;	10090;	ENSMUSP00000078361;
Q08AU7;	10090;	ENSMUSP00000026134;
Q9DAK8;	10090;	ENSMUSP00000095838;ENSMUSP00000102576;ENSMUSP00000102577;ENSMUSP00000129333;
Q9WVC2;	10090;	ENSMUSP00000023259;ENSMUSP00000051457;
P12023;	10090;	ENSMUSP00000005406;
Q8K4G5;	10090;	ENSMUSP00000096897;ENSMUSP00000107149;ENSMUSP00000107172;
Q99J72;	10090;	ENSMUSP00000132391;
Q03141;	10090;	ENSMUSP00000074757;ENSMUSP00000082017;
P20917;	10090;	ENSMUSP00000041464;ENSMUSP00000139564;
P70331;	10090;	ENSMUSP00000037888;ENSMUSP00000069915;
Q9D4I2;	10090;	ENSMUSP00000139689;ENSMUSP00000140479;
Q9EQJ9;	10090;	ENSMUSP00000067932;ENSMUSP00000113713;
Q2TBA3;	10090;	ENSMUSP00000048376;
O08746;	10090;	ENSMUSP00000022947;
Q2KHI9;	10090;	ENSMUSP00000074978;
Q8BJ34;	10090;	ENSMUSP00000087770;
Q9JIJ2;	10090;	ENSMUSP00000044459;
Q3T9M1;	10090;	ENSMUSP00000082945;
Q91ZV0;	10090;	ENSMUSP00000021384;
Q8R516;	10090;	ENSMUSP00000099465;
Q14DN9;	10090;	ENSMUSP00000061643;
Q9D8C3;	10090;	ENSMUSP00000068403;
Q80TS3;	10090;	ENSMUSP00000072336;ENSMUSP00000112388;ENSMUSP00000113600;
Q8BXP5;	10090;	ENSMUSP00000067028;
Q9R049;	10090	ENSMUSP00000052258;
Q68G58;	10090;	ENSMUSP00000108345;ENSMUSP00000108347;
Q8BHY3;	10090;	ENSMUSP00000033393;
Q9ES28;	10090;	ENSMUSP00000096538;ENSMUSP00000106534;
Q61302;	10090;	ENSMUSP00000033947;ENSMUSP00000106316;ENSMUSP00000112966;
Q91X46;	10090;	ENSMUSP00000046486;
Q8C8R3;	10090;	ENSMUSP00000043765;ENSMUSP00000138730;ENSMUSP00000138089;
Q922H1;	10090;	ENSMUSP00000032715;
Q8C4A5;	10090;	ENSMUSP00000095260;ENSMUSP00000112793;
Q505B7;	10090;	ENSMUSP00000114628;
Q9DBR3;	10090;	ENSMUSP00000139973;ENSMUSP00000140426;
Q9QXP6;	10090;	ENSMUSP00000110470;
Q8VHV1;	10090;	ENSMUSP00000132788;ENSMUSP00000144590;
Q60739;	10090;	ENSMUSP00000103724;ENSMUSP00000139864;
Q8R079;	10090;	ENSMUSP00000063371;
Q924M5;	10090;	ENSMUSP00000123814;
Q9CWL2;	10090;	ENSMUSP00000092035;
O70355;	10090;	ENSMUSP00000025198;
Q91VA3;	10090;	ENSMUSP00000129549;
Q99246;	10090;	ENSMUSP00000107868;ENSMUSP00000107869;
Q8CIS0;	10090;	ENSMUSP00000082941;
Q09M05;	10090;	ENSMUSP00000026854;ENSMUSP00000103066;
P79621;	10090;	ENSMUSP00000023147;
Q9WTL8;	10090;	ENSMUSP00000046235;ENSMUSP00000147764;ENSMUSP00000147989;
P49003;	10090;	ENSMUSP00000012281;
Q8R3Z5;	10090;	ENSMUSP00000103187;
Q8BY04;	10090;	ENSMUSP00000018122;ENSMUSP00000111013;ENSMUSP00000111015;ENSMUSP00000111018;
Q3V3V9;	10090;	ENSMUSP00000052322;
Q3ULW6;	10090;	ENSMUSP00000096278;
Q61735;	10090;	ENSMUSP00000099853;
Q5NC83;	10090;	ENSMUSP00000105300;
Q8VHF2;	10090	ENSMUSP00000079484;
Q7TSY6;	10090;	ENSMUSP00000025117;ENSMUSP00000111483;
Q9ESN5;	10090;	ENSMUSP00000070910;
Q9D8L0;	10090;	ENSMUSP00000034564;
Q3UPP8;	10090;	ENSMUSP00000125621;
P31809;	10090;	ENSMUSP00000096263;ENSMUSP00000145584;ENSMUSP00000146066;
Q7TSN2;	10090;	ENSMUSP00000090121;
Q8CJ53;	10090;	ENSMUSP00000019631;
Q80W49;	10090;	ENSMUSP00000037682;
Q6ZQ08;	10090;	ENSMUSP00000096073;
Q64739;	10090;	ENSMUSP00000084772;ENSMUSP00000109890;ENSMUSP00000109893;
Q9R1N9;	10090;	ENSMUSP00000101094;
Q1ERP8;	10090;	ENSMUSP00000017453;ENSMUSP00000102781;ENSMUSP00000102782;
Q3UMF0;	10090;	ENSMUSP00000088412;ENSMUSP00000108049;
Q60847;	10090;	ENSMUSP00000071662;
Q9CPW0;	10090;	ENSMUSP00000056299;ENSMUSP00000143528;
Q7TN99;	10090;	ENSMUSP00000120416;ENSMUSP00000122442;ENSMUSP00000151042;ENSMUSP00000150033;
Q8BS39;	10090;	ENSMUSP00000106457;ENSMUSP00000106458;
Q8CCZ8;	10090;	ENSMUSP00000080358;ENSMUSP00000101049;
Q64735;	10090;	ENSMUSP00000074902;
Q8BWQ6;	10090;	ENSMUSP00000033280;
Q6Q6R3;	10090;	ENSMUSP00000024764;
Q3U564;	10090;	ENSMUSP00000073568;
P35174;	10090;	ENSMUSP00000023619;
O70589;	10090;	ENSMUSP00000033321;ENSMUSP00000111096;ENSMUSP00000111098;
Q5M8N4;	10090;	ENSMUSP00000106957;
P97317;	10090;	ENSMUSP00000102439;ENSMUSP00000102440;ENSMUSP00000102443;
B2RX88;	10090;	ENSMUSP00000068804;ENSMUSP00000112800;ENSMUSP00000112476;ENSMUSP00000114091;ENSMUSP00000113663;ENSMUSP00000139775;
Q8CBY8;	10090;	ENSMUSP00000025505;
Q8BZS9;	10090;	ENSMUSP00000033290;ENSMUSP00000066067;
Q9D1B8;	10090;	ENSMUSP00000140603;
Q80YE7;	10090	ENSMUSP00000040825;ENSMUSP00000076666;
Q91VV4;	10090;	ENSMUSP00000029508;
Q5DU00;	10090;	ENSMUSP00000047641;
Q6NS52;	10090;	ENSMUSP00000037900;
Q8K1M6;	10090;	ENSMUSP00000023477;ENSMUSP00000111415;
O88516;	10090;	ENSMUSP00000103951;
Q6P253;	10090;	ENSMUSP00000042300;
Q3TZW0;	10090;	ENSMUSP00000095223;
Q7TPV2;	10090;	ENSMUSP00000110161;
Q9D2N4;	10090;	ENSMUSP00000037475;
Q8CCE9;	10090;	ENSMUSP00000062344;
Q8BZ98;	10090;	ENSMUSP00000064538;
Q9CUV9;	10090;	ENSMUSP00000099586;ENSMUSP00000106493;ENSMUSP00000106494;
Q80Z60;	10090;	ENSMUSP00000111184;
Q9CZX0;	10090;	ENSMUSP00000022609;
Q4PZA2;	10090;	ENSMUSP00000099576;
Q8C088;	10090;	ENSMUSP00000112907;
Q80TA1;	10090;	ENSMUSP00000118368;
Q8CHI7;	10090;	ENSMUSP00000049038;ENSMUSP00000108054;ENSMUSP00000108055;
Q03173;	10090;	ENSMUSP00000106654;ENSMUSP00000141462;
Q8C9F5;	10090;	ENSMUSP00000103946;ENSMUSP00000103949;
Q9D9R9;	10090;	ENSMUSP00000053434;
Q9DCR4;	10090;	ENSMUSP00000129413;
Q14CH0;	10090;	ENSMUSP00000062702;
Q3U2K0;	10090;	ENSMUSP00000021957;
Q9DD01;	10090;	ENSMUSP00000021926;ENSMUSP00000069488;
Q3UY90;	10090;	ENSMUSP00000040221;ENSMUSP00000151175;ENSMUSP00000149755;
Q8BYG9;	10090;	ENSMUSP00000050810;
Q3TVP5;	10090;	ENSMUSP00000098305;
Q8BQT2;	10090;	ENSMUSP00000057697;
P34152;	10090;	ENSMUSP00000105663;ENSMUSP00000126764;
Q6XP49;	10090;	ENSMUSP00000108231;
Q8BVG5;	10090;	ENSMUSP00000108210;
Q9Z0F1;	10090;	ENSMUSP00000104723;ENSMUSP00000104724;ENSMUSP00000136180;
Q8BH60;	10090;	ENSMUSP00000020008;
Q6P6L0;	10090;	ENSMUSP00000133252;
Q9ER69;	10090;	ENSMUSP00000123961;ENSMUSP00000124138;
Q80ZA7;	10090;	ENSMUSP00000064543;
A2APV2;	10090;	ENSMUSP00000088472;
Q9DBY0;	10090;	ENSMUSP00000108890;
Q8BYN5;	10090;	ENSMUSP00000114931;
Q3UTB7;	10090;	ENSMUSP00000096436;
Q8BHN3;	10090;	ENSMUSP00000093965;
P16882;	10090;	ENSMUSP00000106325;ENSMUSP00000106326;
Q8K3I9;	10090;	ENSMUSP00000124167;
Q3UYI6;	10090;	ENSMUSP00000146434;
P48540;	10090;	ENSMUSP00000022744;
Q3URY2;	10090;	ENSMUSP00000087269;
Q9WUU8;	10090;	ENSMUSP00000104513;ENSMUSP00000104514;
Q0KL02;	10090;	ENSMUSP00000087714;
Q923T7;	10090;	ENSMUSP00000104836;
Q8C7M3;	10090;	ENSMUSP00000106149;
Q3U0M1;	10090;	ENSMUSP00000023276;ENSMUSP00000087202;
Q99PP9;	10090;	ENSMUSP00000104343;
J3QMY9;	10090;	ENSMUSP00000094049;
Q921T2;	10090;	ENSMUSP00000027738;ENSMUSP00000095134;
Q9JMH6;	10090;	ENSMUSP00000020484;
Q8K558;	10090;	ENSMUSP00000024792;
Q80VM3;	10090;	ENSMUSP00000112445;
Q69AB2;	10090;	ENSMUSP00000099961;
Q9R244;	10090;	ENSMUSP00000116934;
Q91YD4;	10090;	ENSMUSP00000101040;
P35761;	10090;	ENSMUSP00000064839;
Q3V129;	10090;	ENSMUSP00000129214;
Q3ULM6;	10090;	ENSMUSP00000097978;ENSMUSP00000113176;
O88623;	10090;	ENSMUSP00000034508;ENSMUSP00000070264;ENSMUSP00000110479;ENSMUSP00000135482;ENSMUSP00000135018;
P29533;	10090;	ENSMUSP00000142876;
Q00731;	10090;	ENSMUSP00000024747;ENSMUSP00000149539;
Q91YD6;	10090;	ENSMUSP00000116546;
Q5DID3;	10090;	ENSMUSP00000067443;ENSMUSP00000065470;ENSMUSP00000110202;
Q8C0M0;	10090;	ENSMUSP00000034437;ENSMUSP00000043671;
O88286;	10090;	ENSMUSP00000069443;
Q9QY24;	10090;	ENSMUSP00000104744;
Q8BYK8;	10090;	ENSMUSP00000105948;
Q8C0R0;	10090;	ENSMUSP00000035445;
Q9JKD9;	10090;	ENSMUSP00000103785;
Q497H0;	10090;	ENSMUSP00000063158;
Q6P0X2;	10090;	ENSMUSP00000129154;
Q61464;	10090;	ENSMUSP00000109466;
Q5SSH7;	10090;	ENSMUSP00000068790;
Q8C827;	10090;	ENSMUSP00000056226;ENSMUSP00000104820;ENSMUSP00000104821;ENSMUSP00000137583;
Q99KE8;	10090;	ENSMUSP00000104789;
Q3T9Z9;	10090;	ENSMUSP00000037121;
Q9JIH7;	10116	ENSRNOP00000013355;ENSRNOP00000013622;ENSRNOP00000072173;
Q9JK25;	10116;	ENSRNOP00000072766;
E9PTA2;	10116	ENSRNOP00000001631;
E9PTA2;	10116	ENSRNOP00000001631;
O54968;	10116;	ENSRNOP00000002114;
P49653;	10116;	ENSRNOP00000053532;
Q4V9H5;	10116;	ENSRNOP00000007564;
Q6AXS5;	10116;	ENSRNOP00000009503;
Q9EQ10;	10116;	ENSRNOP00000060859;
P41413;	10116;	ENSRNOP00000016164;
Q4V8B0;	10116;	ENSRNOP00000074353;
Q9R080;	10116;	ENSRNOP00000070079;
P14270;	10116;	ENSRNOP00000063446;ENSRNOP00000062384;
Q2ABP3;	10116;	ENSRNOP00000068251;
P28576;	10116;	ENSRNOP00000001775;ENSRNOP00000040116;
P14646;	10116;	ENSRNOP00000007738;
P23385;	10116;	ENSRNOP00000047790;
Q6AYL2;	10116;	ENSRNOP00000011295;
P50545;	10116;	ENSRNOP00000012432;
P17712;	10116;	ENSRNOP00000071435;ENSRNOP00000069954;
P41135;	10116;	ENSRNOP00000052261;
Q9Z214;	10116;	ENSRNOP00000066634;
Q5HZA6;	10116;	ENSRNOP00000058540;
O55007;	10116;	ENSRNOP00000073377;
Q5PQJ5;	10116;	ENSRNOP00000062636;
P81128;	10116;	ENSRNOP00000075649;
P49797;	10116;	ENSRNOP00000055954;
F1LQX4;	10116;	ENSRNOP00000066638;
Q9JIR9;	10116;	ENSRNOP00000006393;
P35233;	10116;	ENSRNOP00000023763;
A2VCW5;	10116;	ENSRNOP00000073818;
Q64548;	10116;	ENSRNOP00000006373;
Q9JK11;	10116;	ENSRNOP00000006957;ENSRNOP00000042870;ENSRNOP00000040760;
Q9R237;	10116;	ENSRNOP00000074684;
Q6RVG2;	10116;	ENSRNOP00000059220;
P24008;	10116;	ENSRNOP00000023659;
Q9Z2Q1;	10116;	ENSRNOP00000038196;
Q7TQ57;	10116;	ENSRNOP00000061684;
P09367;	10116;	ENSRNOP00000001875;
P97924;	10116;	ENSRNOP00000016340;
Q62897;	10116;	ENSRNOP00000041746;
Q925Q9;	10116;	ENSRNOP00000006438;
Q8R4J6;	10116;	ENSRNOP00000015112;ENSRNOP00000050159;
Q2IBD0;	10116;	ENSRNOP00000071529;
Q9R095;	10116;	ENSRNOP00000074904;
Q9Z327;	10116;	ENSRNOP00000061109;
Q5BJQ7;	10116;	ENSRNOP00000055484;
Q07257;	10116;	ENSRNOP00000074059;
Q99146;	10116;	ENSRNOP00000072739;
Q76MX4;	10116;	ENSRNOP00000051853;
Q8CHN8;	10116;	ENSRNOP00000044812;
Q05764;	10116;	ENSRNOP00000073973;
O88917;	10116;	ENSRNOP00000043269;
Q5M828;	10116;	ENSRNOP00000019478;
P46933;	10116;	ENSRNOP00000024402;
Q1EHB3;	10116;	ENSRNOP00000060069;
Q4V8C5;	10116;	ENSRNOP00000023455;
P11505;	10116;	ENSRNOP00000040092;ENSRNOP00000059397;
P11506;	10116;	ENSRNOP00000060489;
Q64568;	10116;	ENSRNOP00000071471;
O88881;	10116;	ENSRNOP00000049699;
O88751;	10116;	ENSRNOP00000001552;ENSRNOP00000033685;
Q6PDU5;	10116;	ENSRNOP00000042696;
Q4AE70;	10116;	ENSRNOP00000049428;ENSRNOP00000042739;
Q5I0H5;	10116;	ENSRNOP00000068952;
Q5UEM7;	10116;	ENSRNOP00000033353;
Q9R066;	10116;	ENSRNOP00000041873;
P97836;	10116;	ENSRNOP00000072852;
Q07266;	10116;	ENSRNOP00000019393;
Q68FR9;	10116;	ENSRNOP00000034828;
Q5EBA0;	10116;	ENSRNOP00000014386;
Q63618;	10116;	ENSRNOP00000013645;
B2RYD2;	10116;	ENSRNOP00000063046;
P02680;	10116;	ENSRNOP00000032735;
P48807;	10116;	ENSRNOP00000074979;
Q80WE1;	10116;	ENSRNOP00000074033;
Q9Z0U4;	10116;	ENSRNOP00000047498;ENSRNOP00000075630;ENSRNOP00000075610;ENSRNOP00000075181;ENSRNOP00000072226;
P07727;	10116;	ENSRNOP00000063384;
Q9EPI2;	10116;	ENSRNOP00000042875;
Q9QX75;	10116	ENSRNOP00000076056;
Q5XI57;	10116;	ENSRNOP00000052187;
D4A6D7;	10116;	ENSRNOP00000054591;
Q2KJ09;	10116;	ENSRNOP00000002173;
Q62668;	10116;	ENSRNOP00000074116;
O35485;	10116;	ENSRNOP00000049757;
Q9XXD7;	6239	Y48A6A.1;
G5EE29;	6239	Y38C1AB.2;Y38C1AB.6;
Q9XX14;	6239	Y39A1A.15a;
G4S7A1;	6239	F47G3.4;
Q95ZU1;	6239	F36D4.3a;
Q19651;	6239	F20D6.3;
Q18224;	6239	C26E6.3;
B1GRK2;	6239	C49G7.7;
Q23200;	6239	W06D11.4;
O62360;	6239	T03F6.2;
O45842;	6239	T26E4.8;
P91100;	6239	C24G7.4;
P91470;	6239	T20D4.5;
E6N0U8;	6239	M01D1.2b;
O45051;	6239	C46H11.4a;C46H11.4b;C46H11.4c;C46H11.4d;C46H11.4e;C46H11.4f;
O01563;	6239	F47C10.8;
M1ZJ32;	6239	T28D9.10b;
O02297;	6239	T04D3.2;
O44868;	6239	K05F6.1;
O16338;	6239	F59D6.3;
O45155;	6239	C17B7.5;
A0A131MCZ8;	6239	M02F4.3;
O18280;	6239;	ZC504.5;
O45051;	6239	C46H11.4a;C46H11.4b;C46H11.4c;C46H11.4d;C46H11.4e;C46H11.4f;
Q94148;	6239	T23H2.5.1;T23H2.5.2;
O16884;	6239	C29G2.5;
Q23181;	6239	W06A11.2;
O01893;	6239	R08F11.1;
Q9N3U9;	6239	Y47D7A.8;
Q22200;	6239	T05A6.4;
O02086;	6239	F43E2.4;
O16890;	6239	F13A2.8;
Q21417;	6239	K10D3.3;
Q9GYT3;	6239	F35F10.1;
V6CLN2;	6239	C06G3.7b;
Q9N4E2;	6239	Y73C8B.3;
O45894;	6239	W06D12.5;
B1V8A0;	6239	T04D1.3a;T04D1.3b;T04D1.3c;T04D1.3d;
Q22342;	6239	T08A9.1;
H2KYZ9;	6239	F55A12.4b;
G8JY81;	6239	F36D4.3b;
Q8MPT0;	6239	T22F3.2b;
O16426;	6239	T05B4.1;
Q19046;	6239	E03A3.2;
O01886;	6239	K07B1.7a;
O01861;	6239	T05E7.5;
H2L045;	6239	M01E11.7a;
G5EBH2;	6239	ZK524.3b;
Q9UAT1;	6239	D2063.1;
Q21829;	6239	R07E5.8.1;R07E5.8.2;
P91468;	6239	T20D4.7;
H2L0J4;	6239	T07D3.9b.1;T07D3.9b.2;
Q8I129;	6239	C14A4.4b;
Q49HI2;	6239	M01A10.2d;
G5ECQ2;	6239	F27E11.3;
Q22528;	6239	T16G12.5;
O16398;	6239	C17E7.1;
Q95XZ3;	6239	Y47D7A.3;
H2L040;	6239	M01D1.2a;
Q965L2;	6239	T13B5.9;
Q21301;	6239	K07G5.1;
Q19545;	6239	F18C5.3;
P91205;	6239	F02C9.4;
Q93641;	6239	F30A10.6;
O44650;	6239	K07C6.4;
Q20936;	6239	F57B9.9;
O16274;	6239	F39G3.3;
A0A131MCZ8;	6239	M02F4.3;
O45328;	6239	F09C6.8;
Q966D9;	6239	Y19D10A.6;
Q9GUB6;	6239	F25E5.14;
A0A131MCZ8;	6239	M02F4.3;
O17898;	6239	F57A10.5;
Q9XX14;	6239	Y39A1A.15a;
Q18321;	6239	C30B5.5;
Q17745;	6239;	C06G3.7a;
A0A0U1RVK6;	7227	FBpp0080853;FBpp0310401;
Q9VAF5;	7227	FBpp0084854;FBpp0292214;
Q9VJ39;	7227	FBpp0088356;FBpp0088357;FBpp0300412;
A1ZAK1;	7227	FBpp0086186;
Q9VFS6;	7227	FBpp0082313;FBpp0306597;FBpp0306598;
A0A126GUP6;	7227	FBpp0078543;FBpp0290158;
Q9VMR4;	7227	FBpp0078709;
Q9VGZ5;	7227	FBpp0081723;
Q9VV72;	7227	FBpp0075156;FBpp0075157;FBpp0311799;
Q9VPD5;	7227	FBpp0077873;
Q9VAF5;	7227	FBpp0084854;FBpp0292214;
Q9VFC2;	7227	FBpp0082595;FBpp0082596;
Q9VA37;	7227	FBpp0085065;
Q9W2P0;	7227	FBpp0271922;
Q59E65;	7227	FBpp0112375;
Q86BS0;	7227	FBpp0293364;
Q9VAF7;	7227	FBpp0290959;FBpp0308288;
Q9W2P0;	7227	FBpp0271922;
M9PCK6;	7227	FBpp0079588;FBpp0301800;
A1ZAG4;	7227	FBpp0086303;
Q0E8C8;	7227	FBpp0074610;FBpp0074611;FBpp0311802;
Q8IQ26;	7227	FBpp0077042;
Q9VQ30;	7227	FBpp0077545;FBpp0077546;FBpp0292934;FBpp0297890;
M9PCW8;	7227	FBpp0307177;
Q9VT41;	7227	FBpp0076132;
Q9VER6;	7227;	FBpp0082798;
Q9W485;	7227	FBpp0070806;FBpp0070807;FBpp0304673;FBpp0304674;FBpp0304675;
Q9VF66;	7227	FBpp0293363;
Q86BP0;	7227	FBpp0293362;
Q9V3F3;	7227	FBpp0080213;
Q9V3Z2;	7227	FBpp0081237;FBpp0308321;FBpp0308322;
A0A126GUP6;	7227	FBpp0078543;FBpp0290158;
B7Z031;	7227	FBpp0113042;FBpp0289420;FBpp0304064;FBpp0311175;FBpp0311176;
Q9VV72;	7227	FBpp0075156;FBpp0075157;FBpp0311799;
Q9W0A0;	7227	FBpp0072680;FBpp0072681;
Q9W1C5;	7227	FBpp0072077;
Q0E8C8;	7227	FBpp0074610;FBpp0074611;FBpp0311802;
Q9VH58;	7227	FBpp0081622;
Q9VAF7;	7227	FBpp0290959;FBpp0308288;
Q9VGZ5;	7227	FBpp0081723;
O76902;	7227	FBpp0070249;FBpp0308661;
Q9VDH6;	7227	FBpp0307913;
Q9V3Z2;	7227	FBpp0081237;FBpp0308321;FBpp0308322;
Q9VDH6;	7227	FBpp0307913;
Q9VG74;	7227	FBpp0082060;
Q9V9N1;	7227	FBpp0307914;
Q9VXD1;	7227	FBpp0074092;
Q9VAW0;	7227;	FBpp0084657;
P09957;	7227;	FBpp0070070;
Q04652;	7227;	FBpp0080596;
P83088;	7227;	FBpp0289204;
Q9VKY8;	7227;	FBpp0079588;FBpp0301800;
Q7Z2C4;	7227	FBpp0073414;
Q92614;	9606;	ENSP00000437073;ENSP00000434228;ENSP00000435932;
A0A0U1RQB8;	9606	ENSP00000486888;
A8MTY0;	9606;	ENSP00000413411;
P49750;	9606;	ENSP00000324463;
Q9UJW8;	9606;	ENSP00000221327;
Q9NR11;	9606;	ENSP00000405219;ENSP00000391067;ENSP00000421028;
Q8N782;	9606;	ENSP00000408929;
Q96I27;	9606;	ENSP00000394380;
Q5VV52;	9606;	ENSP00000361580;ENSP00000361584;ENSP00000361585;ENSP00000361586;
Q96N38;	9606;	ENSP00000472368;ENSP00000468862;
A6NNF4;	9606;	ENSP00000432583;ENSP00000471516;
Q96NJ3;	9606;	ENSP00000439431;ENSP00000483662;
P17019;	9606;	ENSP00000349401;
Q9BY31;	9606;	ENSP00000383643;
Q9UGR1;	9606;	ENSP00000345793;
O60844;	9606;	ENSP00000383563;
Q09FC8;	9606;	ENSP00000243643;ENSP00000395055;ENSP00000439435;ENSP00000472911;
Q96BR9;	9606;	ENSP00000362609;
Q5H9K5;	9606;	ENSP00000361868;ENSP00000437529;
P59817;	9606;	ENSP00000302855;
P52744;	9606;	ENSP00000407262;
B1APH4;	9606;	ENSP00000392335;
Q9ULD5;	9606;	ENSP00000247930;
P15822;	9606;	ENSP00000368698;
Q9NSD4;	9606;	ENSP00000359269;
Q86YH2;	9606;	ENSP00000481008;ENSP00000480958;
Q8N8C0;	9606;	ENSP00000351391;ENSP00000466370;
Q86UK7;	9606;	ENSP00000411409;
Q8N8Y5;	9606;	ENSP00000486248;ENSP00000486020;
Q9HBT7;	9606;	ENSP00000379168;ENSP00000379169;
O75123;	9606;	ENSP00000445979;
Q96K58;	9606;	ENSP00000300849;ENSP00000378434;ENSP00000403975;ENSP00000441349;ENSP00000440149;ENSP00000442573;
Q9BZ88;	9606;	ENSP00000423579;ENSP00000422387;ENSP00000425454;ENSP00000425200;ENSP00000421245;ENSP00000422208;
Q8NCP5;	9606;	ENSP00000408079;ENSP00000433457;ENSP00000434177;
Q9NUD5;	9606;	ENSP00000484056;
Q86UP3;	9606;	ENSP00000430497;
Q9UJW7;	9606;	ENSP00000479884;
Q9UNY5;	9606;	ENSP00000250076;
Q96JG9;	9606;	ENSP00000402343;
Q7Z3I1;	9606;	ENSP00000251119;
Q9TQE9;	9606;	ENSP00000366005;ENSP00000379873;
P05534;	9606;	ENSP00000406366;ENSP00000404678;
Q9UQU7;	9606;	ENSP00000408986;
P30453;	9606;	ENSP00000373100;
P30456;	9606;	ENSP00000373100;
P30459;	9606;	ENSP00000410645;
P30461;	9606;	ENSP00000405178;
Q29846;	9606;	ENSP00000405178;
P18463;	9606;	ENSP00000352656;
P30479;	9606;	ENSP00000400842;
P30488;	9606;	ENSP00000388208;
P18464;	9606;	ENSP00000352656;
P10319;	9606;	ENSP00000405178;
Q31610;	9606;	ENSP00000399168;
P30510;	9606;	ENSP00000393374;
Q29960;	9606;	ENSP00000393374;
Q29865;	9606;	ENSP00000410214;
P16188;	9606;	ENSP00000366005;ENSP00000379873;
Q9BCM8;	9606;	ENSP00000400842;
Q29855;	9606;	ENSP00000352656;
P30480;	9606;	ENSP00000399168;
P30487;	9606;	ENSP00000405178;
P30490;	9606;	ENSP00000388208;
P30492;	9606;	ENSP00000352656;
Q29836;	9606;	ENSP00000399168;
Q31612;	9606;	ENSP00000399168;
Q95604;	9606;	ENSP00000383195;ENSP00000383244;
P30455;	9606;	ENSP00000406366;ENSP00000404678;
P30457;	9606;	ENSP00000373100;
P10315;	9606;	ENSP00000403575;
P10316;	9606;	ENSP00000403575;
Q9MY13;	9606;	ENSP00000403458;
P30447;	9606;	ENSP00000410645;
P18462;	9606;	ENSP00000373100;
P30512;	9606;	ENSP00000408986;
P16190;	9606;	ENSP00000408986;
Q09160;	9606;	ENSP00000406366;ENSP00000404678;
P30462;	9606;	ENSP00000400842;
P30474;	9606;	ENSP00000352656;
Q29847;	9606;	ENSP00000400842;
P30483;	9606;	ENSP00000388208;
P30484;	9606;	ENSP00000388208;
P30485;	9606;	ENSP00000405178;
P30486;	9606;	ENSP00000399168;
P30493;	9606;	ENSP00000352656;
P30495;	9606;	ENSP00000352656;
P18465;	9606;	ENSP00000405178;
Q29940;	9606;	ENSP00000352656;
P30498;	9606;	ENSP00000352656;
Q29718;	9606;	ENSP00000352656;
P30501;	9606;	ENSP00000410214;
P30504;	9606;	ENSP00000383195;ENSP00000383244;
P30505;	9606;	ENSP00000383195;ENSP00000383244;
Q9UM32;	9606;	ENSP00000410214;
Q07000;	9606;	ENSP00000383195;ENSP00000383244;
Q9TP36;	9606;	ENSP00000352656;
P30499;	9606;	ENSP00000393374;
Q5Y7E9;	9606;	ENSP00000353099;
Q9H4K1;	9606;	ENSP00000342529;
O14559;	9606;	ENSP00000320038;ENSP00000368227;
O00212;	9606;	ENSP00000308576;
Q8TCX5;	9606;	ENSP00000289013;
Q8WYP3;	9606;	ENSP00000255006;
Q9UQ26;	9606;	ENSP00000262231;ENSP00000342051;ENSP00000427018;ENSP00000423559;
Q9HCF4;	9606;	ENSP00000324392;
Q5TA31;	9606;	ENSP00000306396;
Q9BV68;	9606;	ENSP00000292363;
Q99729;	9606;	ENSP00000348093;ENSP00000351108;ENSP00000425031;ENSP00000427465;
Q04912;	9606;	ENSP00000296474;ENSP00000341325;
Q6DD87;	9606;	ENSP00000270459;
Q9BSG1;	9606;	ENSP00000480297;
Q9UMV8;	9606;	ENSP00000315173;ENSP00000366265;
Q9BRR9;	9606;	ENSP00000377380;ENSP00000394307;ENSP00000397950;
Q9H310;	9606;	ENSP00000441197;
Q9UD74;	9606;	ENSP00000294413;
Q5T5U3;	9606;	ENSP00000365604;ENSP00000379709;
P42331;	9606;	ENSP00000386863;ENSP00000386911;ENSP00000386241;ENSP00000420583;ENSP00000417139;
Q6B4V9;	9606;	ENSP00000439939;ENSP00000446453;
Q6NTF7;	9606;	ENSP00000216123;ENSP00000385741;ENSP00000393520;ENSP00000411754;
P08913;	9606;	ENSP00000280155;
Q5VUY0;	9606;	ENSP00000333352;ENSP00000352268;
Q9BRR6;	9606;	ENSP00000312250;ENSP00000397694;ENSP00000454367;ENSP00000458102;ENSP00000454304;
Q719I0;	9606;	ENSP00000349525;ENSP00000377970;
P20039;	9606;	ENSP00000331343;ENSP00000382378;
P02763;	9606;	ENSP00000259396;
Q9TQE0;	9606;	ENSP00000405960;ENSP00000409322;
Q9MY56;	9606;	ENSP00000331343;ENSP00000382378;ENSP00000412168;ENSP00000392280;
Q96SE0;	9606;	ENSP00000326491;ENSP00000410756;ENSP00000481238;
Q30167;	9606;	ENSP00000403458;
Q3HUP9;	9606;	ENSP00000353099;
P28335;	9606;	ENSP00000276198;ENSP00000361018;ENSP00000361019;
Q9BZC7;	9606;	ENSP00000344155;ENSP00000360666;
Q709F0;	9606;	ENSP00000264990;
P36639;	9606;	ENSP00000343439;ENSP00000339503;ENSP00000349148;ENSP00000380239;ENSP00000380241;ENSP00000380242;
Q8N248;	9606;	ENSP00000409268;
Q9NYB9;	9606;	ENSP00000261017;
Q9GJ56;	9606;	ENSP00000331343;ENSP00000353099;ENSP00000382378;ENSP00000408795;ENSP00000412168;ENSP00000403458;ENSP00000392280;
Q9BCP2;	9606;	ENSP00000331343;ENSP00000382378;
Q861H8;	9606;	ENSP00000331343;ENSP00000382378;ENSP00000408795;ENSP00000412168;ENSP00000403458;ENSP00000392280;
Q99490;	9606;	ENSP00000257897;
Q5VTM2;	9606;	ENSP00000392206;
Q7Z7M1;	9606;	ENSP00000335156;
O00468;	9606;	ENSP00000368678;
O43506;	9606;	ENSP00000256389;
Q6ULP2;	9606;	ENSP00000238855;ENSP00000238856;ENSP00000387071;
Q8TC94;	9606;	ENSP00000316674;ENSP00000482603;
Q3MIX3;	9606;	ENSP00000310547;
P28332;	9606;	ENSP00000237653;
Q4PJI0;	9606;	ENSP00000414172;
Q9HAR2;	9606;	ENSP00000423388;ENSP00000422533;
Q8N1P7;	9606;	ENSP00000310435;
P30837;	9606;	ENSP00000366927;
Q86TW2;	9606;	ENSP00000238561;ENSP00000339663;
P08588;	9606;	ENSP00000358301;
Q59F27;	9606;	ENSP00000317421;ENSP00000387207;ENSP00000386834;
Q9UQH3;	9606;	ENSP00000348573;
P00325;	9606;	ENSP00000306606;ENSP00000378351;
C9JRZ8;	9606;	ENSP00000397009;ENSP00000389289;
Q9ULX6;	9606;	ENSP00000380557;ENSP00000470952;
P49189;	9606;	ENSP00000346827;ENSP00000440026;
P84996;	9606;	ENSP00000302237;
Q6P4F2;	9606;	ENSP00000377311;
Q9Y2Y1;	9606;	ENSP00000293860;
P24928;	9606;	ENSP00000461879;
Q9H476;	9606;	ENSP00000354045;ENSP00000367038;
Q9UHV5;	9606;	ENSP00000264644;ENSP00000394530;
Q9H1A7;	9606;	ENSP00000368645;
Q8N4F4;	9606;	ENSP00000321549;
P31213;	9606;	ENSP00000477587;
A6NKF1;	9606;	ENSP00000482039;
Q9Y467;	9606;	ENSP00000483562;
Q5SY68;	9606;	ENSP00000357713;ENSP00000357714;
P29034;	9606;	ENSP00000357697;ENSP00000357698;ENSP00000357699;ENSP00000473260;
Q8N1F8;	9606;	ENSP00000295641;
Q5BKX6;	9606;	ENSP00000024061;ENSP00000429059;
Q6ZT89;	9606;	ENSP00000274513;ENSP00000413049;
Q3KRB3;	9606;	ENSP00000348918;ENSP00000384906;
O15027;	9606;	ENSP00000360771;ENSP00000387583;
Q6P5W5;	9606;	ENSP00000301305;
P34925;	9606;	ENSP00000296084;
Q3SY17;	9606;	ENSP00000462754;
Q8WXA3;	9606;	ENSP00000373420;ENSP00000382151;ENSP00000404986;ENSP00000473462;
Q9UHI7;	9606;	ENSP00000302701;ENSP00000302851;
Q5TZJ5;	9606;	ENSP00000486188;
Q70HW3;	9606;	ENSP00000336801;ENSP00000488865;
Q5TZF3;	9606;	ENSP00000331268;
Q99874;	9606;	ENSP00000375724;
Q8TCU4;	9606;	ENSP00000264448;
O60678;	9606;	ENSP00000331879;
P51693;	9606;	ENSP00000221891;
Q13787;	9606;	ENSP00000233242;
Q8NHP1;	9606;	ENSP00000406430;
Q9UPS8;	9606;	ENSP00000365255;
Q8N283;	9606;	ENSP00000347802;
Q10567;	9606;	ENSP00000319361;ENSP00000350199;ENSP00000386071;ENSP00000384194;ENSP00000387612;ENSP00000400065;
A8MVX0;	9606;	ENSP00000381780;ENSP00000387020;
Q8NAV5;	9606;	ENSP00000167825;ENSP00000355060;ENSP00000364564;
Q6T311;	9606;	ENSP00000353210;
Q7RTU5;	9606;	ENSP00000469019;
A6NFN9;	9606;	ENSP00000417635;
Q8NAG6;	9606;	ENSP00000377971;
Q9NQ90;	9606;	ENSP00000314048;ENSP00000348453;
P09525;	9606;	ENSP00000377833;ENSP00000441931;
Q9Y672;	9606;	ENSP00000360149;
P08519;	9606;	ENSP00000321334;ENSP00000395608;
Q7Z3E5;	9606;	ENSP00000258417;
P17405;	9606;	ENSP00000340409;ENSP00000435350;
Q13625;	9606;	ENSP00000341957;ENSP00000375750;
P06727;	9606;	ENSP00000350425;
Q8WXK4;	9606;	ENSP00000355195;
Q9Y2I4;	9606;	ENSP00000364839;ENSP00000480487;ENSP00000481978;
O75185;	9606;	ENSP00000262429;
Q9ULI0;	9606;	ENSP00000238789;
Q9UH10;	9606;	ENSP00000249066;ENSP00000351292;
Q8IWT0;	9606;	ENSP00000362600;
Q96KY8;	9606;	ENSP00000286479;
O14525;	9606;	ENSP00000354536;ENSP00000395041;
Q9NTI2;	9606;	ENSP00000371070;
Q6ZMM2;	9606;	ENSP00000399364;
P15289;	9606;	ENSP00000412542;
Q9NQ33;	9606;	ENSP00000435770;
Q6XD76;	9606;	ENSP00000345420;
Q04656;	9606;	ENSP00000345728;ENSP00000343026;ENSP00000343678;
P23634;	9606;	ENSP00000340930;ENSP00000350310;ENSP00000356187;
P98198;	9606;	ENSP00000357472;ENSP00000357475;
Q6PDA7;	9606;	ENSP00000297496;
Q9UPX8;	9606;	ENSP00000387324;ENSP00000469689;
A6NLE4;	9606;	ENSP00000331214;
Q2VWA4;	9606;	ENSP00000383255;
Q8IZQ5;	9606;	ENSP00000373509;ENSP00000434511;
Q9BQE4;	9606;	ENSP00000381282;ENSP00000433541;
Q9H2E6;	9606;	ENSP00000345512;ENSP00000424388;
Q86VE9;	9606;	ENSP00000426237;ENSP00000426134;ENSP00000421665;
Q96LD1;	9606;	ENSP00000371512;
Q5SQS7;	9606;	ENSP00000314242;ENSP00000345295;
B8ZZ34;	9606;	ENSP00000389964;
P49908;	9606;	ENSP00000425915;ENSP00000427671;ENSP00000420939;
Q9H5W5;	9606;	ENSP00000403476;ENSP00000421294;
Q9Y2K2;	9606;	ENSP00000292055;ENSP00000364437;ENSP00000438108;
Q9NQ36;	9606;	ENSP00000310658;ENSP00000415187;
Q9NZV5;	9606;	ENSP00000355141;ENSP00000363434;
P63302;	9606;	ENSP00000471149;ENSP00000470941;ENSP00000473185;
E3VLC9;	9606;	ENSP00000361400;ENSP00000361402;
Q9BZQ2;	9606;	ENSP00000356518;
Q9UHJ6;	9606;	ENSP00000225519;
Q9HB31;	9606;	ENSP00000395142;
Q8WYJ6;	9606;	ENSP00000460441;
O75396;	9606;	ENSP00000463393;
Q9NPR2;	9606;	ENSP00000368417;
Q16181;	9606;	ENSP00000381992;
Q96I15;	9606;	ENSP00000387162;
Q14160;	9606;	ENSP00000322938;ENSP00000349486;ENSP00000366756;
Q8NDV3;	9606;	ENSP00000350036;ENSP00000385902;
P53794;	9606;	ENSP00000370543;
Q9Y679;	9606;	ENSP00000366748;ENSP00000403430;
Q9H324;	9606;	ENSP00000470501;
P59510;	9606;	ENSP00000374071;
Q7Z2J1;	9606;	ENSP00000362441;ENSP00000378967;
Q9HD36;	9606;	ENSP00000260442;
Q9Y2V4;	9606;	ENSP00000369026;
Q9BXC9;	9606;	ENSP00000245157;
Q5H9F3;	9606;	ENSP00000218147;ENSP00000437775;
P16278;	9606;	ENSP00000306920;ENSP00000382333;ENSP00000393377;
Q75SP2;	9606;	ENSP00000364086;ENSP00000465868;ENSP00000467336;ENSP00000466617;
Q9Y2T1;	9606;	ENSP00000302625;
Q9UBW5;	9606;	ENSP00000267012;
P00736;	9606;	ENSP00000438615;
Q9UJT5;	9606;	ENSP00000318585;ENSP00000475405;ENSP00000402228;ENSP00000403685;ENSP00000422461;ENSP00000424536;
Q9BXI9;	9606;	ENSP00000338812;ENSP00000380299;
O14523;	9606;	ENSP00000338885;
P33076;	9606;	ENSP00000371257;
Q8N9H9;	9606;	ENSP00000366207;
Q6UWW1;	9606;	ENSP00000381768;ENSP00000473454;ENSP00000478374;
Q86XJ0;	9606;	ENSP00000358798;
Q96RN6;	9606;	ENSP00000298892;ENSP00000379150;ENSP00000391479;ENSP00000403876;
Q6UXS9;	9606;	ENSP00000424038;ENSP00000424963;ENSP00000427128;ENSP00000421408;ENSP00000426566;
Q6UWJ8;	9606;	ENSP00000363139;ENSP00000363142;
Q9Y4F5;	9606;	ENSP00000404151;ENSP00000451249;
Q6T712;	9606;	ENSP00000413179;ENSP00000391369;
Q9H3K6;	9606;	ENSP00000306752;ENSP00000331127;
O75150;	9606;	ENSP00000325677;ENSP00000350563;
Q99792;	9606;	ENSP00000353362;ENSP00000490323;ENSP00000489777;ENSP00000489913;
Q4VMI9;	9606;	ENSP00000341092;ENSP00000266376;ENSP00000382500;ENSP00000382504;ENSP00000382506;ENSP00000382510;ENSP00000382512;ENSP00000382515;ENSP00000382530;ENSP00000382537;ENSP00000382546;ENSP00000382547;ENSP00000382549;ENSP00000382552;ENSP00000382557;ENSP00000382563;ENSP00000385724;
Q13111;	9606;	ENSP00000301280;
P06881;	9606;	ENSP00000354286;ENSP00000417833;
Q8N7W2;	9606;	ENSP00000345773;ENSP00000367868;
Q6PGQ7;	9606;	ENSP00000367046;
Q96B45;	9606;	ENSP00000342331;ENSP00000358899;
P11586;	9606;	ENSP00000216605;ENSP00000450560;
Q8NDD1;	9606;	ENSP00000355609;ENSP00000355611;
Q9NR09;	9606;	ENSP00000393596;
Q8IXH8;	9606;	ENSP00000244049;ENSP00000339390;ENSP00000310845;
P41180;	9606;	ENSP00000296154;ENSP00000418685;
P14091;	9606;	ENSP00000350911;ENSP00000353350;
Q8N1D5;	9606;	ENSP00000477802;
Q5VU97;	9606;	ENSP00000360113;
Q16602;	9606;	ENSP00000376177;ENSP00000386972;ENSP00000387190;
P49913;	9606;	ENSP00000458149;
Q96LZ3;	9606;	ENSP00000363939;
Q9BXJ5;	9606;	ENSP00000377545;
P01258;	9606;	ENSP00000331746;ENSP00000379657;ENSP00000420618;
Q9Y2G2;	9606;	ENSP00000375767;ENSP00000391248;ENSP00000428883;ENSP00000430747;ENSP00000428736;ENSP00000429839;ENSP00000427858;
Q6P4E1;	9606;	ENSP00000299957;ENSP00000335063;ENSP00000453720;
Q8N350;	9606;	ENSP00000465260;
Q8NEM8;	9606;	ENSP00000275763;ENSP00000388275;
Q96M83;	9606;	ENSP00000277657;ENSP00000355078;
Q8IYX3;	9606;	ENSP00000292779;ENSP00000476296;
Q6ZP82;	9606;	ENSP00000395995;
Q8NDH2;	9606;	ENSP00000320232;
Q9P1Z9;	9606;	ENSP00000434727;
Q96L11;	9606;	ENSP00000386450;ENSP00000401055;
Q8WXS5;	9606;	ENSP00000270458;
Q9NU86;	9606;	ENSP00000356399;
A6NM15;	9606;	ENSP00000366608;
Q9NUG4;	9606;	ENSP00000262659;
Q07002;	9606;	ENSP00000353176;ENSP00000399082;ENSP00000423665;
Q00532;	9606;	ENSP00000379176;
P06731;	9606;	ENSP00000221992;ENSP00000381600;ENSP00000385072;
Q6ZUS6;	9606;	ENSP00000374260;ENSP00000427529;ENSP00000425715;
P0C7I6;	9606;	ENSP00000402239;ENSP00000468232;
Q8N5R6;	9606;	ENSP00000268082;ENSP00000325661;ENSP00000381795;ENSP00000452817;
Q6ZMR9;	9606;	ENSP00000260967;ENSP00000386901;ENSP00000412775;ENSP00000406472;
P40199;	9606;	ENSP00000199764;
Q9UIN7;	9606;	ENSP00000259726;ENSP00000392863;ENSP00000388386;ENSP00000399604;
Q8WUJ8;	9606;	ENSP00000395706;ENSP00000418002;ENSP00000420180;ENSP00000418403;
Q8N9R6;	9606;	ENSP00000310031;
Q3KPI0;	9606;	ENSP00000187608;ENSP00000385739;ENSP00000390697;ENSP00000483598;
Q96LK0;	9606;	ENSP00000387209;
A6NKQ9;	9606;	ENSP00000301407;
Q7Z7K6;	9606;	ENSP00000299736;
Q6ZTR5;	9606;	ENSP00000297866;ENSP00000433564;
Q49A92;	9606;	ENSP00000319532;ENSP00000337174;ENSP00000427820;ENSP00000429102;
Q14002;	9606;	ENSP00000006724;ENSP00000385932;
Q8N6Q3;	9606;	ENSP00000367251;
P19835;	9606;	ENSP00000342217;
P49454;	9606;	ENSP00000355922;
Q9Y592;	9606;	ENSP00000447783;
Q96MH7;	9606;	ENSP00000303490;
Q9P2H0;	9606;	ENSP00000263468;
Q8TEP8;	9606;	ENSP00000427550;
P00450;	9606;	ENSP00000264613;
Q9P2M7;	9606;	ENSP00000271636;
Q86XH3;	9606;	ENSP00000358262;ENSP00000358263;
Q8WW14;	9606;	ENSP00000358212;
Q8N7X2;	9606;	ENSP00000373583;ENSP00000391218;ENSP00000477998;
Q7Z442;	9606;	ENSP00000337397;ENSP00000432818;ENSP00000436309;
Q9NZA6;	9606;	ENSP00000353719;ENSP00000382049;ENSP00000382053;ENSP00000382054;
Q96II9;	9606;	ENSP00000356350;
P61758;	9606;	ENSP00000286428;
Q9UQR9;	9606;	ENSP00000216832;
Q9H5D9;	9606;	ENSP00000354332;ENSP00000358316;ENSP00000358318;ENSP00000483759;
Q8TBF5;	9606;	ENSP00000376192;
Q9HB19;	9606;	ENSP00000393860;
J3KQD0;	9606;	ENSP00000394405;ENSP00000443605;ENSP00000487468;ENSP00000485968;
Q8TBY8;	9606;	ENSP00000237353;ENSP00000347854;
Q7Z4L9;	9606;	ENSP00000315035;
Q9NPH0;	9606;	ENSP00000481777;
Q96QH2;	9606;	ENSP00000408342;
Q96N75;	9606;	ENSP00000277531;ENSP00000384610;
P02812;	9606;	ENSP00000374013;
Q9ULI9;	9606;	ENSP00000302669;ENSP00000351686;ENSP00000354118;ENSP00000398431;ENSP00000432237;
P11309;	9606;	ENSP00000362608;
Q9UG58;	9606;	ENSP00000221249;ENSP00000407509;ENSP00000394348;ENSP00000443323;ENSP00000473211;
P51805;	9606;	ENSP00000358696;
Q9ULN7;	9606;	ENSP00000473036;
P49335;	9606;	ENSP00000362296;
Q86YL0;	9606;	ENSP00000222572;ENSP00000405211;
Q7Z5L7;	9606;	ENSP00000308315;ENSP00000360555;ENSP00000379212;ENSP00000479233;
Q5SWA1;	9606;	ENSP00000356156;
Q3B8N5;	9606;	ENSP00000451463;
P02810;	9606;	ENSP00000371271;ENSP00000379682;ENSP00000458690;ENSP00000461041;ENSP00000481810;ENSP00000483458;
O43653;	9606;	ENSP00000301258;
Q9UL41;	9606;	ENSP00000390576;ENSP00000469445;ENSP00000480719;
Q13522;	9606;	ENSP00000257905;
O75400;	9606;	ENSP00000386458;
Q5SWL8;	9606;	ENSP00000365269;
Q8NCQ7;	9606;	ENSP00000301039;
Q9NNZ6;	9606;	ENSP00000325638;
Q8WY54;	9606;	ENSP00000312411;
Q5SWL7;	9606;	ENSP00000341333;
Q9UF29;	9606;	ENSP00000343629;ENSP00000410219;
Q9UF13;	9606;	ENSP00000349577;
Q04118;	9606;	ENSP00000371264;
Q96LW4;	9606;	ENSP00000313816;ENSP00000420860;
P23942;	9606;	ENSP00000230381;
P11686;	9606;	ENSP00000316152;
Q8TB72;	9606;	ENSP00000338173;ENSP00000354370;ENSP00000385992;
E9PB15;	9606;	ENSP00000394415;
Q9NZH5;	9606;	ENSP00000424261;
Q6IPX8;	9606;	ENSP00000433141;
Q9UMZ3;	9606;	ENSP00000266688;
Q9HD43;	9606;	ENSP00000263434;ENSP00000365528;
Q92954;	9606;	ENSP00000356453;ENSP00000356455;ENSP00000399679;
P18433;	9606;	ENSP00000216877;ENSP00000314568;ENSP00000348468;ENSP00000369756;ENSP00000382787;
P15151;	9606;	ENSP00000340870;ENSP00000385344;
P08575;	9606;	ENSP00000356346;ENSP00000461074;ENSP00000458322;ENSP00000471843;
Q9NSZ2;	9606;	ENSP00000324364;ENSP00000352581;
Q8N2M8;	9606;	ENSP00000375814;ENSP00000375815;
Q9H7W3;	9606;	ENSP00000276974;
Q9HCS2;	9606;	ENSP00000430849;ENSP00000449703;
Q9BZB8;	9606;	ENSP00000483857;ENSP00000477715;ENSP00000482116;ENSP00000477557;ENSP00000481009;ENSP00000483590;ENSP00000482965;ENSP00000484549;ENSP00000478558;ENSP00000488352;ENSP00000487757;
Q9H9E3;	9606;	ENSP00000432802;
P05177;	9606;	ENSP00000342007;
Q4VAU1;	9606;	ENSP00000301141;
Q0P5P2;	9606;	ENSP00000380959;
Q96B23;	9606;	ENSP00000480074;
Q96H96;	9606;	ENSP00000310873;ENSP00000409275;
P02462;	9606;	ENSP00000364979;
P07358;	9606;	ENSP00000360281;
Q9NXG0;	9606;	ENSP00000370015;ENSP00000370021;
Q9UML6;	9606;	ENSP00000225964;
Q6QEF8;	9606;	ENSP00000344562;ENSP00000373419;
Q96KN2;	9606;	ENSP00000351682;
Q96MD2;	9606;	ENSP00000381132;
P17927;	9606;	ENSP00000356018;ENSP00000356020;ENSP00000383744;
Q5W1B0;	9606;	ENSP00000337138;ENSP00000341875;ENSP00000265372;ENSP00000345384;ENSP00000346804;ENSP00000349387;ENSP00000354593;ENSP00000363858;ENSP00000363860;ENSP00000363866;ENSP00000379225;ENSP00000409220;ENSP00000418336;ENSP00000419810;ENSP00000420681;ENSP00000417562;ENSP00000420511;ENSP00000417807;ENSP00000417460;ENSP00000419075;ENSP00000419924;ENSP00000417327;
A8MZG2;	9606;	ENSP00000401335;
P24462;	9606;	ENSP00000337450;ENSP00000480571;
Q99868;	9606;	ENSP00000406757;
Q8IZJ3;	9606;	ENSP00000291440;ENSP00000402505;
P54108;	9606;	ENSP00000263045;ENSP00000389026;
P33261;	9606;	ENSP00000360372;
Q5TZA2;	9606;	ENSP00000364691;
O43889;	9606;	ENSP00000342136;
P47804;	9606;	ENSP00000350823;ENSP00000352427;
Q3MIN7;	9606;	ENSP00000377075;
Q6ZV50;	9606;	ENSP00000401536;
Q6WBX8;	9606;	ENSP00000387329;ENSP00000386629;
Q7Z6P3;	9606;	ENSP00000229824;
Q13636;	9606;	ENSP00000461945;
Q9UJ41;	9606;	ENSP00000284957;ENSP00000370208;ENSP00000415815;
Q15283;	9606;	ENSP00000286364;
Q7Z5L2;	9606;	ENSP00000298999;ENSP00000314018;ENSP00000359616;ENSP00000359618;ENSP00000479916;
Q9UKL0;	9606;	ENSP00000459789;
Q9NYR8;	9606;	ENSP00000171214;
Q6ZP01;	9606;	ENSP00000483448;
Q5W5W9;	9606;	ENSP00000330269;
Q6IC09;	9606;	ENSP00000262829;ENSP00000384944;ENSP00000407855;ENSP00000405651;ENSP00000413035;ENSP00000391670;ENSP00000482053;ENSP00000479761;ENSP00000485984;ENSP00000487477;ENSP00000485711;
Q9H0E6;	9606;	ENSP00000330005;ENSP00000404442;ENSP00000440025;ENSP00000442498;
Q8NCS7;	9606;	ENSP00000359896;
Q9NYP8;	9606;	ENSP00000418653;ENSP00000418511;ENSP00000418830;ENSP00000444950;ENSP00000461558;ENSP00000460629;ENSP00000461359;ENSP00000479857;
Q9H2A7;	9606;	ENSP00000293778;ENSP00000459592;
Q1MSJ5;	9606;	ENSP00000262210;ENSP00000430092;
O75638;	9606;	ENSP00000247306;ENSP00000358598;
A8MQ03;	9606;	ENSP00000351967;
Q69YQ0;	9606;	ENSP00000325785;ENSP00000393363;ENSP00000439633;
Q9NR90;	9606;	ENSP00000371802;
Q8TE69;	9606;	ENSP00000420882;ENSP00000421745;ENSP00000422512;ENSP00000425520;ENSP00000423099;ENSP00000427540;
P14406;	9606;	ENSP00000230459;
Q99418;	9606;	ENSP00000408236;
P17538;	9606;	ENSP00000354294;
Q8NBQ5;	9606;	ENSP00000351035;
Q8N754;	9606;	ENSP00000354464;ENSP00000367951;ENSP00000367974;ENSP00000367997;
Q6P3W2;	9606;	ENSP00000444967;
P28067;	9606;	ENSP00000363976;ENSP00000372717;ENSP00000407198;ENSP00000410591;ENSP00000392842;ENSP00000395349;ENSP00000404018;
Q5H9U9;	9606;	ENSP00000260184;ENSP00000422202;ENSP00000422423;
Q9NXW2;	9606;	ENSP00000403313;
Q9NRG7;	9606;	ENSP00000382327;
Q96SG4;	9606;	ENSP00000482245;
Q8IU60;	9606;	ENSP00000373715;ENSP00000425770;
Q9H6N4;	9606;	ENSP00000369797;
Q8N9W5;	9606;	ENSP00000433826;ENSP00000433247;
A8MYV0;	9606;	ENSP00000382097;
Q9NPI6;	9606;	ENSP00000476046;ENSP00000476386;
Q92841;	9606;	ENSP00000385536;
Q9NRI3;	9606;	ENSP00000320784;ENSP00000355593;ENSP00000355596;ENSP00000443996;ENSP00000440953;ENSP00000473425;ENSP00000473417;ENSP00000473261;ENSP00000473586;ENSP00000473386;ENSP00000487190;
Q9BZ26;	9606;	ENSP00000365643;ENSP00000487551;
Q9H4B8;	9606;	ENSP00000268793;
Q9H4A9;	9606;	ENSP00000377430;ENSP00000458977;
P05538;	9606;	ENSP00000382569;ENSP00000390431;ENSP00000393969;ENSP00000389067;ENSP00000410132;ENSP00000408884;ENSP00000399594;ENSP00000396502;
P21917;	9606;	ENSP00000176183;
Q9ULA0;	9606;	ENSP00000273075;
Q8IZU8;	9606;	ENSP00000310565;ENSP00000460321;
Q92863;	9606;	ENSP00000401514;
Q96DQ5;	9606;	ENSP00000244364;ENSP00000359801;ENSP00000404924;
Q6PKH6;	9606;	ENSP00000334801;
O75319;	9606;	ENSP00000272444;
Q8TEK3;	9606;	ENSP00000381657;
Q8TD84;	9606;	ENSP00000315465;
Q9UFH2;	9606;	ENSP00000374490;
Q5VYK3;	9606;	ENSP00000339889;
P35462;	9606;	ENSP00000373169;ENSP00000419402;ENSP00000420662;
Q3SY89;	9606;	ENSP00000479206;
Q96BJ8;	9606;	ENSP00000377566;ENSP00000458539;
P49411;	9606;	ENSP00000322439;
Q8WYP5;	9606;	ENSP00000355465;ENSP00000355464;
Q9Y6C2;	9606;	ENSP00000481146;
Q04741;	9606;	ENSP00000258106;
Q6UWV6;	9606;	ENSP00000332656;
Q9UF33;	9606;	ENSP00000423950;ENSP00000421711;
O15197;	9606;	ENSP00000376684;ENSP00000410789;
O00748;	9606;	ENSP00000394452;
Q9ULJ2;	9606;	ENSP00000251527;
A6NNW6;	9606;	ENSP00000387194;
Q96L91;	9606;	ENSP00000374212;ENSP00000374213;
O60645;	9606;	ENSP00000323377;ENSP00000425587;
Q6P0A1;	9606;	ENSP00000349175;
Q96PV7;	9606;	ENSP00000422131;
Q9UG79;	9606;	ENSP00000363482;ENSP00000442128;ENSP00000439811;
Q96A84;	9606;	ENSP00000335481;
Q9C0D9;	9606;	ENSP00000260585;
Q5XG92;	9606;	ENSP00000441644;ENSP00000441907;ENSP00000444052;
Q8NEV8;	9606;	ENSP00000265843;ENSP00000432546;
Q8IXR5;	9606;	ENSP00000377160;ENSP00000429896;
O75477;	9606;	ENSP00000384900;ENSP00000410964;
Q9NX05;	9606;	ENSP00000364324;ENSP00000420718;
Q6P0L4;	9606;	ENSP00000252034;ENSP00000313565;ENSP00000349540;ENSP00000369926;ENSP00000369936;ENSP00000369949;ENSP00000369950;ENSP00000369958;ENSP00000391129;
O75949;	9606;	ENSP00000252338;
Q5T890;	9606;	ENSP00000288985;
P00488;	9606;	ENSP00000264870;
Q96MY7;	9606;	ENSP00000286544;
Q6ZW35;	9606;	ENSP00000475227;
Q96EL1;	9606;	ENSP00000329735;
Q8N5W9;	9606;	ENSP00000331915;
P12104;	9606;	ENSP00000274024;
Q96LP2;	9606;	ENSP00000283357;
Q8NCA5;	9606;	ENSP00000238823;
P35555;	9606;	ENSP00000325527;
Q8WWV6;	9606;	ENSP00000383746;ENSP00000392707;
Q5XUX1;	9606;	ENSP00000376945;ENSP00000465387;
Q8N9I5;	9606;	ENSP00000307821;
Q9BX63;	9606;	ENSP00000259008;
P02765;	9606;	ENSP00000393887;
Q4QRJ3;	9606;	ENSP00000306780;
O75015;	9606;	ENSP00000294800;ENSP00000356941;
Q96PJ0;	9606;	ENSP00000236938;ENSP00000294796;ENSP00000309596;ENSP00000294798;ENSP00000344808;ENSP00000356926;ENSP00000356930;ENSP00000356934;ENSP00000356936;ENSP00000442870;ENSP00000439838;
Q9UC54;	9606;	ENSP00000477134;
Q8TDW7;	9606;	ENSP00000387040;ENSP00000489369;
Q9NZU1;	9606;	ENSP00000246841;
Q96SV3;	9606;	ENSP00000405087;ENSP00000441403;
Q92637;	9606;	ENSP00000358390;
Q8N531;	9606;	ENSP00000330098;ENSP00000403873;
Q99518;	9606;	ENSP00000209929;
Q9HCQ5;	9606;	ENSP00000380488;ENSP00000440544;
Q8NAU1;	9606;	ENSP00000476320;
Q5VW36;	9606;	ENSP00000344307;ENSP00000369599;
O14772;	9606;	ENSP00000359931;ENSP00000432819;
Q6ZNA5;	9606;	ENSP00000287474;
Q9Y680;	9606;	ENSP00000413152;ENSP00000415486;
A8MYZ6;	9606;	ENSP00000484727;
Q86XX4;	9606;	ENSP00000326330;ENSP00000422834;
Q5SZK8;	9606;	ENSP00000280481;
Q99501;	9606;	ENSP00000383995;ENSP00000484130;
P41439;	9606;	ENSP00000411161;
P21217;	9606;	ENSP00000305603;ENSP00000416443;ENSP00000465804;ENSP00000468123;
Q11128;	9606;	ENSP00000252675;
A6NGK3;	9606;	ENSP00000385415;
Q92496;	9606;	ENSP00000251424;ENSP00000356386;
Q96PY5;	9606;	ENSP00000288670;
Q8IVF7;	9606;	ENSP00000335655;ENSP00000344311;
Q14397;	9606;	ENSP00000398303;
Q8N9W4;	9606;	ENSP00000307928;
Q5U4N7;	9606;	ENSP00000363495;
Q6ZNI0;	9606;	ENSP00000243913;
Q14393;	9606;	ENSP00000331831;
Q96ME1;	9606;	ENSP00000371805;ENSP00000415064;ENSP00000444797;
Q9UN88;	9606;	ENSP00000469332;
P43026;	9606;	ENSP00000363489;ENSP00000363492;
A6NER3;	9606;	ENSP00000409832;
Q99736;	9606;	ENSP00000300648;
Q9NQ84;	9606;	ENSP00000376405;
Q8TAX9;	9606;	ENSP00000312584;ENSP00000353465;ENSP00000377729;ENSP00000377733;ENSP00000415049;ENSP00000430157;
Q2KHT4;	9606;	ENSP00000336816;ENSP00000379596;ENSP00000405032;ENSP00000398384;ENSP00000441718;
Q9Y557;	9606;	ENSP00000415430;
P22352;	9606;	ENSP00000373477;
P59796;	9606;	ENSP00000354581;
Q7Z4J2;	9606;	ENSP00000360829;
P30679;	9606;	ENSP00000262958;
Q5T3I0;	9606;	ENSP00000334793;
P18283;	9606;	ENSP00000374265;
P07203;	9606;	ENSP00000391316;ENSP00000407375;
P36268;	9606;	ENSP00000385721;ENSP00000402035;
P02724;	9606;	ENSP00000324483;
Q9BXK2;	9606;	ENSP00000322716;ENSP00000390276;ENSP00000468328;
D6RF30;	9606;	ENSP00000426691;
P36969;	9606;	ENSP00000346103;ENSP00000483655;
Q96D42;	9606;	ENSP00000344844;ENSP00000427898;
Q9NQ43;	9606;	ENSP00000365606;
Q9ULT8;	9606;	ENSP00000382269;ENSP00000450697;
P26927;	9606;	ENSP00000373234;
Q5T7K2;	9606;	ENSP00000427757;ENSP00000429848;ENSP00000441169;ENSP00000486627;
Q86YR5;	9606;	ENSP00000291775;ENSP00000376673;ENSP00000390705;
Q8N954;	9606;	ENSP00000281932;
Q7Z2G1;	9606;	ENSP00000354723;ENSP00000482103;
Q9NZS4;	9606;	ENSP00000404379;
Q86WX4;	9606;	ENSP00000481017;
Q9Y5N5;	9606;	ENSP00000286764;
Q68CP4;	9606;	ENSP00000368965;
P07686;	9606;	ENSP00000261416;
Q8IV16;	9606;	ENSP00000480053;
P32754;	9606;	ENSP00000441677;
O14645;	9606;	ENSP00000296218;
P49639;	9606;	ENSP00000343246;
Q9NZL4;	9606;	ENSP00000255631;ENSP00000398244;ENSP00000467574;
P01563;	9606;	ENSP00000369554;
Q4G112;	9606;	ENSP00000313243;ENSP00000484295;
Q86XA9;	9606;	ENSP00000371903;
Q58EZ2;	9606;	ENSP00000340281;
P35225;	9606;	ENSP00000304915;
Q9HBE4;	9606;	ENSP00000264497;ENSP00000477555;
C9JV30;	9606;	ENSP00000345096;ENSP00000265385;ENSP00000346219;ENSP00000399400;ENSP00000420185;ENSP00000420803;
Q6Q4C6;	9606;	ENSP00000323198;ENSP00000354643;ENSP00000373528;ENSP00000435725;ENSP00000434758;
P40305;	9606;	ENSP00000298902;ENSP00000451956;
Q8WYJ0;	9606;	ENSP00000297015;ENSP00000347047;ENSP00000351935;ENSP00000380046;ENSP00000380048;ENSP00000415900;ENSP00000427533;
Q6NWM3;	9606;	ENSP00000306157;
P29459;	9606;	ENSP00000303231;
Q8NC46;	9606;	ENSP00000318641;ENSP00000404290;ENSP00000425437;ENSP00000458631;ENSP00000460221;ENSP00000459907;
O15131;	9606;	ENSP00000348704;ENSP00000357552;
Q53TQ3;	9606;	ENSP00000384198;ENSP00000490850;
Q9UIJ3;	9606;	ENSP00000328436;ENSP00000345202;ENSP00000364930;
Q92813;	9606;	ENSP00000405854;ENSP00000451419;
P55073;	9606;	ENSP00000427336;
Q9UGI6;	9606;	ENSP00000351295;ENSP00000354764;
Q9H0T1;	9606;	ENSP00000353331;
Q9Y337;	9606;	ENSP00000337733;ENSP00000375685;ENSP00000471966;
Q9NZS2;	9606;	ENSP00000346919;ENSP00000483880;
Q9H427;	9606;	ENSP00000361952;
Q9Y5K2;	9606;	ENSP00000399448;
P03952;	9606;	ENSP00000264690;
Q86Y91;	9606;	ENSP00000465501;
Q9NQR1;	9606;	ENSP00000384629;
P04431;	9606;	ENSP00000419058;ENSP00000488680;
P01624;	9606;	ENSP00000374787;ENSP00000488086;
P18135;	9606;	ENSP00000418649;ENSP00000487628;
Q96FN5;	9606;	ENSP00000259410;
Q9BZL6;	9606;	ENSP00000291281;ENSP00000393978;ENSP00000472744;ENSP00000469106;
Q14558;	9606;	ENSP00000414624;
Q3LI67;	9606;	ENSP00000375482;
P04430;	9606;	ENSP00000417344;ENSP00000488377;
P60370;	9606;	ENSP00000383223;
Q8IUG1;	9606;	ENSP00000344420;ENSP00000461303;
Q9UPP5;	9606;	ENSP00000386957;
Q5SWX4;	9606;	ENSP00000307082;ENSP00000315599;ENSP00000319060;ENSP00000277853;
P43626;	9606;	ENSP00000291633;ENSP00000478232;ENSP00000482120;ENSP00000484559;ENSP00000484361;ENSP00000478263;ENSP00000479363;
P78401;	9606;	ENSP00000339634;ENSP00000350088;ENSP00000379588;ENSP00000484469;ENSP00000482206;ENSP00000479179;ENSP00000484389;ENSP00000478362;ENSP00000477984;ENSP00000479874;ENSP00000482454;ENSP00000477887;ENSP00000483782;ENSP00000479347;ENSP00000477886;ENSP00000483101;ENSP00000482383;ENSP00000478491;ENSP00000480801;ENSP00000477601;ENSP00000482452;ENSP00000479175;
O14782;	9606;	ENSP00000264712;ENSP00000385030;
Q9BYR0;	9606;	ENSP00000375236;
Q9H2K3;	9606;	ENSP00000305899;ENSP00000385965;ENSP00000385640;ENSP00000484858;
P60372;	9606;	ENSP00000383225;
P60371;	9606;	ENSP00000383219;
P60409;	9606;	ENSP00000476821;
Q8N9T8;	9606;	ENSP00000320917;
P26440;	9606;	ENSP00000417990;
Q5JU85;	9606;	ENSP00000364514;ENSP00000379712;
Q9UF17;	9606;	ENSP00000452938;
P17301;	9606;	ENSP00000296585;
Q96L64;	9606;	ENSP00000414426;ENSP00000396749;
Q7Z3B3;	9606;	ENSP00000262419;ENSP00000387393;ENSP00000461484;ENSP00000461812;
Q96S16;	9606;	ENSP00000399475;ENSP00000477481;
P19013;	9606;	ENSP00000293774;ENSP00000448220;
P53990;	9606;	ENSP00000330408;ENSP00000368075;ENSP00000368076;ENSP00000438399;ENSP00000463711;ENSP00000455860;ENSP00000457844;ENSP00000475853;
O60229;	9606;	ENSP00000240874;ENSP00000291478;
P30085;	9606;	ENSP00000360939;ENSP00000398192;
Q8NB78;	9606;	ENSP00000297792;
O94953;	9606;	ENSP00000371178;
Q96K70;	9606;	ENSP00000256861;ENSP00000298441;
Q8IV33;	9606;	ENSP00000331385;
Q8NAB2;	9606;	ENSP00000436262;ENSP00000432163;
Q14654;	9606;	ENSP00000345708;ENSP00000434755;
Q9HAH5;	9606;	ENSP00000261247;ENSP00000348351;ENSP00000389699;
P80362;	9606;	ENSP00000374800;
P01594;	9606;	ENSP00000420020;ENSP00000487732;
Q8N717;	9606;	ENSP00000363804;
P01611;	9606;	ENSP00000482464;
P01614;	9606;	ENSP00000409413;
Q8IVT5;	9606;	ENSP00000381958;ENSP00000438795;
Q8N6L1;	9606;	ENSP00000295682;
P01615;	9606;	ENSP00000393492;
Q8NBH2;	9606;	ENSP00000397598;ENSP00000421297;
Q8WWI1;	9606;	ENSP00000342112;
Q6ZQX7;	9606;	ENSP00000353245;
Q8IVV2;	9606;	ENSP00000300591;ENSP00000381676;ENSP00000381692;
Q9UG06;	9606;	ENSP00000362227;ENSP00000398516;ENSP00000402107;
Q96TG0;	9606;	ENSP00000324532;
Q9UJN9;	9606;	ENSP00000357627;ENSP00000398226;ENSP00000408604;
A8MUM7;	9606;	ENSP00000375904;
Q5TKA1;	9606;	ENSP00000329102;
Q3ZCV2;	9606;	ENSP00000350924;ENSP00000360320;
Q86UP9;	9606;	ENSP00000393128;
Q6XZB0;	9606;	ENSP00000343331;ENSP00000440381;
Q6PKG0;	9606;	ENSP00000336721;
Q96PV6;	9606;	ENSP00000318374;ENSP00000480663;ENSP00000478337;ENSP00000478975;
Q86VI4;	9606;	ENSP00000402301;ENSP00000428409;ENSP00000482533;
A1Z1Q3;	9606;	ENSP00000217246;ENSP00000367297;ENSP00000385290;ENSP00000385516;
Q8IV03;	9606;	ENSP00000321026;
P16109;	9606;	ENSP00000263686;
Q96QZ7;	9606;	ENSP00000331157;ENSP00000385450;ENSP00000420323;ENSP00000424369;ENSP00000489444;ENSP00000489393;ENSP00000489391;ENSP00000489322;
Q12912;	9606;	ENSP00000346442;ENSP00000450246;ENSP00000446496;
P01701;	9606;	ENSP00000374825;
P01715;	9606;	ENSP00000374854;
P01718;	9606;	ENSP00000374839;
Q6UWQ5;	9606;	ENSP00000364650;
Q7Z4W2;	9606;	ENSP00000364467;
P01703;	9606;	ENSP00000374834;ENSP00000479659;
P01705;	9606;	ENSP00000374841;
Q8IZ02;	9606;	ENSP00000414635;ENSP00000429278;
Q6ZSA7;	9606;	ENSP00000419542;
P01699;	9606;	ENSP00000374832;ENSP00000485735;
P01706;	9606;	ENSP00000374849;
P01721;	9606;	ENSP00000374820;
Q05C16;	9606;	ENSP00000368082;
P01700;	9606;	ENSP00000374829;
P01709;	9606;	ENSP00000482937;
P01704;	9606;	ENSP00000374847;
P01714;	9606;	ENSP00000374844;
P01717;	9606;	ENSP00000374840;
Q8TD41;	9606;	ENSP00000273390;ENSP00000419489;
P14151;	9606;	ENSP00000236147;
Q9NX58;	9606;	ENSP00000345917;ENSP00000397367;
Q5TCQ9;	9606;	ENSP00000304604;ENSP00000358624;ENSP00000358628;ENSP00000358630;
P55145;	9606;	ENSP00000487450;
Q96D14;	9606;	ENSP00000337202;ENSP00000346389;ENSP00000399460;ENSP00000453441;ENSP00000453095;ENSP00000454120;
P80748;	9606;	ENSP00000374843;
Q7Z610;	9606;	ENSP00000354959;ENSP00000377335;ENSP00000451927;
Q9P2G4;	9606;	ENSP00000403208;
Q13301;	9606;	ENSP00000258149;ENSP00000299252;ENSP00000353611;ENSP00000377065;
P27448;	9606;	ENSP00000303698;ENSP00000450772;
O15021;	9606;	ENSP00000261569;ENSP00000384313;ENSP00000385088;
A0JLT2;	9606;	ENSP00000337340;
Q8NEM0;	9606;	ENSP00000430962;ENSP00000430768;
P08235;	9606;	ENSP00000421481;ENSP00000423510;
Q08431;	9606;	ENSP00000268150;ENSP00000456281;
Q9Y618;	9606;	ENSP00000348551;
Q9UQ49;	9606;	ENSP00000294064;ENSP00000432097;
P16435;	9606;	ENSP00000378355;ENSP00000404731;ENSP00000409238;ENSP00000399327;ENSP00000389719;ENSP00000389409;ENSP00000390540;ENSP00000399556;ENSP00000395813;ENSP00000414263;ENSP00000419970;
Q9NXR1;	9606;	ENSP00000379642;ENSP00000379643;ENSP00000488199;ENSP00000488050;
Q9BXA4;	9606;	ENSP00000338983;ENSP00000342814;ENSP00000339690;ENSP00000357374;ENSP00000357375;ENSP00000357377;ENSP00000357378;ENSP00000357381;ENSP00000357383;
Q9NY76;	9606;	ENSP00000304207;ENSP00000338109;
O95248;	9606;	ENSP00000370196;
Q5JR59;	9606;	ENSP00000370186;ENSP00000445403;
Q96A67;	9606;	ENSP00000309135;ENSP00000394925;
Q9P2I4;	9606;	ENSP00000443227;
Q9BXI8;	9606;	ENSP00000289473;
Q9HCH0;	9606;	ENSP00000337998;
Q9NUQ1;	9606;	ENSP00000452913;ENSP00000453125;
Q93070;	9606;	ENSP00000228936;
Q9UM54;	9606;	ENSP00000358994;ENSP00000359002;ENSP00000478013;
Q13459;	9606;	ENSP00000380444;ENSP00000471457;
Q86TB2;	9606;	ENSP00000358353;ENSP00000482121;
Q9UBF9;	9606;	ENSP00000391185;
Q8TBZ2;	9606;	ENSP00000323184;ENSP00000397209;
P78397;	9606;	ENSP00000390565;ENSP00000417848;
Q8N1T3;	9606;	ENSP00000444076;
P12036;	9606;	ENSP00000311997;
Q9NZG7;	9606;	ENSP00000307552;
Q96SB3;	9606;	ENSP00000475417;
P26717;	9606;	ENSP00000371327;
O43847;	9606;	ENSP00000262679;
Q8IW45;	9606;	ENSP00000311984;ENSP00000413191;
Q9HCQ7;	9606;	ENSP00000222674;
Q5T2G0;	9606;	ENSP00000344786;ENSP00000353154;ENSP00000385637;ENSP00000384875;ENSP00000385676;ENSP00000384061;ENSP00000425908;ENSP00000438614;
Q6T4R5;	9606;	ENSP00000369400;ENSP00000381170;
Q9UGN1;	9606;	ENSP00000342300;
Q96PC5;	9606;	ENSP00000280082;
Q8IWA4;	9606;	ENSP00000349963;
Q9UEJ0;	9606;	ENSP00000382103;ENSP00000395391;ENSP00000398412;ENSP00000409414;ENSP00000402484;ENSP00000398212;ENSP00000393355;ENSP00000449672;ENSP00000447696;
Q86VX9;	9606;	ENSP00000404793;
Q5CZB9;	9606;	ENSP00000428136;
P16455;	9606;	ENSP00000302111;
Q8IWI9;	9606;	ENSP00000219905;ENSP00000442467;ENSP00000456141;ENSP00000457035;
Q8N911;	9606;	ENSP00000348081;ENSP00000367984;ENSP00000426103;ENSP00000428264;ENSP00000428660;
Q6ZSM3;	9606;	ENSP00000343022;
A7E2Y1;	9606;	ENSP00000262873;
Q96KR9;	9606;	ENSP00000441301;
Q8TD45;	9606;	ENSP00000311035;ENSP00000405733;ENSP00000418928;ENSP00000418801;
Q9H579;	9606;	ENSP00000413544;
Q9UNY1;	9606;	ENSP00000412130;ENSP00000401205;ENSP00000432436;ENSP00000433296;ENSP00000437784;ENSP00000448278;ENSP00000453013;
Q9NZV6;	9606;	ENSP00000355084;
Q9Y483;	9606;	ENSP00000359321;
Q13505;	9606;	ENSP00000476632;
P26718;	9606;	ENSP00000240618;ENSP00000446003;
Q8N2Q7;	9606;	ENSP00000354541;ENSP00000392500;
P51513;	9606;	ENSP00000342387;ENSP00000447391;ENSP00000438875;
Q86UR1;	9606;	ENSP00000342848;ENSP00000376562;
Q14434;	9606;	ENSP00000297494;ENSP00000420215;
Q92617;	9606;	ENSP00000444096;
O95502;	9606;	ENSP00000327545;
Q8N729;	9606;	ENSP00000330070;
Q14995;	9606;	ENSP00000310006;
Q9UJ26;	9606;	ENSP00000336528;
Q9H2D5;	9606;	ENSP00000272849;ENSP00000387519;
Q7LDL9;	9606;	ENSP00000263036;ENSP00000368021;ENSP00000368022;ENSP00000368027;ENSP00000368032;ENSP00000368040;
Q99489;	9606;	ENSP00000357919;ENSP00000357920;
Q9UMX2;	9606;	ENSP00000486158;
P11182;	9606;	ENSP00000359151;
Q7RTZ1;	9606;	ENSP00000407158;
P41217;	9606;	ENSP00000312766;ENSP00000420298;
Q15070;	9606;	ENSP00000350740;
P04000;	9606;	ENSP00000358967;
Q8NGM1;	9606;	ENSP00000324958;
Q8NGC6;	9606;	ENSP00000319197;
Q8NGC5;	9606;	ENSP00000437629;
Q8TCB6;	9606;	ENSP00000380155;
Q8NH37;	9606;	ENSP00000321419;
Q9BZM2;	9606;	ENSP00000364243;
Q8N5Y8;	9606;	ENSP00000261888;ENSP00000396118;
Q02509;	9606;	ENSP00000254627;
Q8IZS5;	9606;	ENSP00000417429;ENSP00000418251;
Q9H093;	9606;	ENSP00000356125;
Q8NGH7;	9606;	ENSP00000330338;
Q8NGH8;	9606;	ENSP00000328215;
Q9UIE2;	9606;	ENSP00000451648;ENSP00000450683;
Q8NGC3;	9606;	ENSP00000445383;
Q86YG4;	9606;	ENSP00000330247;
Q6FI76;	9606;	ENSP00000405187;
Q9Y5A7;	9606;	ENSP00000348110;ENSP00000457628;
Q9NR21;	9606;	ENSP00000228820;ENSP00000397058;ENSP00000405385;
Q9Y5E3;	9606;	ENSP00000231136;
Q9UN66;	9606;	ENSP00000239444;
Q8NDF8;	9606;	ENSP00000396995;
Q9Y5E1;	9606;	ENSP00000478606;
Q8NGC2;	9606;	ENSP00000386195;
Q5XG87;	9606;	ENSP00000488642;
Q9NRJ5;	9606;	ENSP00000384700;
P55085;	9606;	ENSP00000296677;
Q3MJ16;	9606;	ENSP00000382434;
Q9UGA0;	9606;	ENSP00000261509;ENSP00000425556;ENSP00000424016;ENSP00000426947;
Q8NCX3;	9606;	ENSP00000278060;ENSP00000348654;ENSP00000349847;ENSP00000432737;ENSP00000435514;ENSP00000434550;ENSP00000432517;
Q8NG99;	9606;	ENSP00000303822;
Q9Y6F1;	9606;	ENSP00000381740;
Q7RTY7;	9606;	ENSP00000326708;
O43316;	9606;	ENSP00000339906;
Q9Y5E6;	9606;	ENSP00000231130;
Q9Y5E4;	9606;	ENSP00000231134;
Q9BUD6;	9606;	ENSP00000290902;ENSP00000394832;ENSP00000483599;
Q96FW9;	9606;	ENSP00000304429;
O94956;	9606;	ENSP00000388912;ENSP00000389653;
Q5TCM1;	9606;	ENSP00000442920;
Q9UMY4;	9606;	ENSP00000276105;ENSP00000363392;ENSP00000481314;
O94964;	9606;	ENSP00000237536;
Q9Y405;	9606;	ENSP00000275607;
Q99611;	9606;	ENSP00000418669;
Q96P14;	9606;	ENSP00000421854;
Q9UNH7;	9606;	ENSP00000379779;
Q8TCT6;	9606;	ENSP00000288680;
Q9C0H9;	9606	ENSP00000480869;ENSP00000484715;
Q9P246;	9606;	ENSP00000404812;ENSP00000419073;
Q86TD4;	9606;	ENSP00000382518;
Q8WW59;	9606;	ENSP00000338034;
Q96GP6;	9606;	ENSP00000477564;
A6NNA2;	9606;	ENSP00000325298;
Q9Y5W8;	9606;	ENSP00000398789;
Q8NBT2;	9606;	ENSP00000465075;
O15061;	9606;	ENSP00000336775;
Q7RTR8;	9606;	ENSP00000334050;
Q15561;	9606;	ENSP00000380311;
Q15170;	9606;	ENSP00000361707;ENSP00000361708;ENSP00000361709;
Q12799;	9606;	ENSP00000355792;
Q9HA65;	9606;	ENSP00000221543;ENSP00000446323;
P36402;	9606;	ENSP00000340347;ENSP00000367822;ENSP00000378469;ENSP00000430179;ENSP00000429547;
Q9Y2I9;	9606;	ENSP00000440207;
A6NER0;	9606;	ENSP00000477822;ENSP00000482590;
Q8N5C8;	9606;	ENSP00000368212;ENSP00000368214;ENSP00000368215;
Q8NFB2;	9606;	ENSP00000471932;
Q6IPX3;	9606;	ENSP00000361859;ENSP00000361860;
Q9H7B3;	9606;	ENSP00000251864;
P28347;	9606;	ENSP00000334754;
Q9UK61;	9606;	ENSP00000347845;ENSP00000399410;ENSP00000417509;
Q99594;	9606;	ENSP00000345772;
Q9Y5G1;	9606;	ENSP00000461862;
Q9Y6U9;	9606;	ENSP00000334319;ENSP00000388393;ENSP00000482390;
Q9NRJ7;	9606;	ENSP00000477314;
Q16822;	9606;	ENSP00000216780;
Q15154;	9606;	ENSP00000327077;
Q86TG7;	9606;	ENSP00000417587;
Q6EEV6;	9606;	ENSP00000318635;
F8WD13;	9606;	ENSP00000374225;ENSP00000384015;ENSP00000383947;ENSP00000392309;ENSP00000413439;ENSP00000395952;
Q5MJ09;	9606;	ENSP00000359534;
O75486;	9606;	ENSP00000360514;ENSP00000360515;ENSP00000436411;
Q15527;	9606;	ENSP00000361032;
Q2M3V2;	9606;	ENSP00000367965;
Q6AHY7;	9606;	ENSP00000430611;
Q8NE28;	9606;	ENSP00000361025;
O43426;	9606;	ENSP00000349903;
P01137;	9606;	ENSP00000221930;
Q9UMG7;	9606;	ENSP00000364393;ENSP00000407685;ENSP00000447694;ENSP00000448326;
O43151;	9606;	ENSP00000386869;
Q6ZXV5;	9606;	ENSP00000266712;
Q6GV28;	9606;	ENSP00000364166;
Q92664;	9606;	ENSP00000370532;
Q8N6I4;	9606;	ENSP00000283534;ENSP00000388431;ENSP00000478917;ENSP00000486678;
Q6P5X7;	9606;	ENSP00000349296;ENSP00000367133;
Q5SRD1;	9606;	ENSP00000363210;ENSP00000363211;
Q9NTU4;	9606;	ENSP00000330877;
Q96QL2;	9606;	ENSP00000366603;ENSP00000381312;ENSP00000386443;ENSP00000391190;
Q6ZMR5;	9606;	ENSP00000426911;
Q5HYL7;	9606;	ENSP00000384234;ENSP00000406460;ENSP00000438368;
Q9C0I4;	9606;	ENSP00000272643;
Q86V81;	9606;	ENSP00000331817;
Q32MI3;	9606;	ENSP00000355846;ENSP00000440643;
Q5BJH2;	9606;	ENSP00000254742;
Q96HE8;	9606;	ENSP00000380648;
Q32P41;	9606;	ENSP00000261249;
Q9H1D0;	9606;	ENSP00000352358;
Q8N6T0;	9606;	ENSP00000432039;
Q8N7C3;	9606;	ENSP00000422581;
Q9H330;	9606;	ENSP00000363714;
Q8IWZ4;	9606;	ENSP00000402414;
Q9UQU8;	9606	ENSP00000383365;ENSP00000485128;
Q9BYE2;	9606;	ENSP00000387702;ENSP00000436502;ENSP00000435813;
Q9UBN6;	9606;	ENSP00000310263;
Q13507;	9606;	ENSP00000264811;ENSP00000368966;
P16662;	9606;	ENSP00000304811;
P30530;	9606;	ENSP00000301178;ENSP00000351995;
Q9H9J4;	9606;	ENSP00000301962;
Q9Y4X1;	9606;	ENSP00000286604;ENSP00000387888;ENSP00000424478;ENSP00000474383;ENSP00000475028;
Q9P275;	9606;	ENSP00000310590;ENSP00000441214;ENSP00000467280;
Q3LFD5;	9606;	ENSP00000414922;
Q70EL3;	9606;	ENSP00000434676;
O00124;	9606;	ENSP00000481635;
Q9H9P5;	9606;	ENSP00000248104;ENSP00000301712;ENSP00000380606;
Q68DE3;	9606;	ENSP00000320794;ENSP00000420721;
Q00341;	9606;	ENSP00000399139;
Q14135;	9606;	ENSP00000402878;ENSP00000416615;
Q7Z5H5;	9606;	ENSP00000310856;
Q86XT4;	9606;	ENSP00000327994;ENSP00000413875;
Q9NQA5;	9606;	ENSP00000406572;
Q6YNQ1;	9606;	ENSP00000421934;ENSP00000433425;ENSP00000434516;ENSP00000435123;ENSP00000435929;ENSP00000434919;
Q9ULA3;	9606;	ENSP00000340113;ENSP00000450549;
Q24KN7;	9606;	ENSP00000377043;ENSP00000399211;
Q86Z01;	9606;	ENSP00000355395;ENSP00000366314;ENSP00000366315;
P26651;	9606;	ENSP00000248673;
B1AH88;	9606;	ENSP00000379563;
Q96DG8;	9606;	ENSP00000339486;ENSP00000346427;ENSP00000370031;
Q9NRR2;	9606;	ENSP00000234798;
Q96FV3;	9606;	ENSP00000298564;ENSP00000422053;ENSP00000426650;
Q9H1Z9;	9606;	ENSP00000331620;
Q9Y4R7;	9606;	ENSP00000373338;ENSP00000403874;ENSP00000409246;
A6PVC2;	9606;	ENSP00000266182;
Q9H1Z4;	9606;	ENSP00000218056;ENSP00000365919;
Q6ZQQ6;	9606;	ENSP00000368025;
Q7LDZ1;	9606;	ENSP00000263381;ENSP00000445824;ENSP00000469534;
Q3SX90;	9606;	ENSP00000443073;ENSP00000438024;ENSP00000441182;ENSP00000444505;ENSP00000463583;ENSP00000443901;ENSP00000439449;ENSP00000444491;ENSP00000464241;ENSP00000438175;
Q8N9V3;	9606;	ENSP00000350866;ENSP00000352820;ENSP00000376545;ENSP00000387078;
Q8N398;	9606;	ENSP00000398688;
Q9H270;	9606;	ENSP00000479680;
A2RRH5;	9606;	ENSP00000397869;ENSP00000416289;
Q9H9F4;	9606;	ENSP00000363170;
Q4VXV6;	9606;	ENSP00000368370;ENSP00000435307;
P18887;	9606;	ENSP00000262887;
P02774;	9606;	ENSP00000273951;ENSP00000421725;
Q96I51;	9606;	ENSP00000480364;ENSP00000477659;ENSP00000480781;
P10669;	9823;	ENSSSCP00000021813;
Q95254;	9823;	ENSSSCP00000012525;
